-- 10.07ê¹Œì§€ ì—…ë¡œë“œ ëœ DATA

-- íšŒì›
INSERT INTO `sns_member` (`nick`, `name`, `phone_number`, `email`, `password`, `filepath`)
VALUES
    (1,'íŒ¡íŒŒë ˆ','ë°©í˜„ì„','01011111111',NULL,'011c945f30ce2cbafc452f39840f025693339c42',NULL),
    (2,'ì§€ë‚˜ê°€ìœ¨','ì–‘ì†Œìœ¨','01022222222',NULL,'011c945f30ce2cbafc452f39840f025693339c42','cdb26d73-6a57-4284-b48b-3594f0ca24af'),
    (3,'ì—°ê¶ì´','ì •ì—°ìˆ˜','01033333333',NULL,'011c945f30ce2cbafc452f39840f025693339c42','f4b4a449-cecb-471d-99cc-c6742ec53fff'),
    (4,'í˜¸ë¹µë§¨','ê¹€í˜¸ì¼','01044444444','ho@test.com','011c945f30ce2cbafc452f39840f025693339c42','9a1455a7-a5c6-4954-856f-4e5162633867'),
    (5,'ì‚°ì¤€ìœ¼ë¡œ','ê¹€ì„ ì¤€','01055555555',NULL,'011c945f30ce2cbafc452f39840f025693339c42','5a4bf687-e335-4105-b922-a55e8d06e1aa'),
    (6,'ëž˜ì‹œí¬ë“œ','ì „ì¤€í˜¸','01066666666',NULL,'011c945f30ce2cbafc452f39840f025693339c42','773d9c74-a99b-4992-bdb6-2a7130a2ef49'),
    (7,'941íƒˆí‡´í•œ ì‚¬ìš©ìž1023','íƒˆí‡´í•œ ì‚¬ìš©ìž','000-1695777760808',NULL,'011c945f30ce2cbafc452f39840f025693339c42',NULL),
    (8,'257íƒˆí‡´í•œ ì‚¬ìš©ìž86','íƒˆí‡´í•œ ì‚¬ìš©ìž','000-1695709344442',NULL,'011c945f30ce2cbafc452f39840f025693339c42','4df7c8de-3b53-4546-905e-b6983045fe7b'),
    (9,'822íƒˆí‡´í•œ ì‚¬ìš©ìž686','íƒˆí‡´í•œ ì‚¬ìš©ìž','000-1695709922554',NULL,'011c945f30ce2cbafc452f39840f025693339c42',NULL),
    (10,'ì „ì¤€í˜¸','ì „ì¤€í˜¸','01099638243',NULL,'011c945f30ce2cbafc452f39840f025693339c42','c21c4217-87bf-40f5-82c1-248f71e39b53'),
    (11,'ê¹€ì„ ì¤€','ê¹€ì„ ì¤€','01076662821','tjswns99@naver.com','011c945f30ce2cbafc452f39840f025693339c42',NULL),
    (12,'ì•¼ë¯¸~','í™ê¸¸ë™','01099999999','test@test.com','011c945f30ce2cbafc452f39840f025693339c42','b8a7a87b-7f3f-4c6a-b8d1-a8d970ad15b4'),
    (13,'ì†Œìœ¨í…ŒìŠ¤íŠ¸','ì–‘ì†Œìœ¨','01098434334',NULL,'011c945f30ce2cbafc452f39840f025693339c42','5df21aac-e0bb-4274-b571-0e4721261668'),
    (14,'544íƒˆí‡´í•œ ì‚¬ìš©ìž64','íƒˆí‡´í•œ ì‚¬ìš©ìž','000-1695778364506',NULL,'011c945f30ce2cbafc452f39840f025693339c42','6a5290b2-4b37-438c-a329-a5b79544d667'),
    (18,'458íƒˆí‡´í•œ ì‚¬ìš©ìž952','íƒˆí‡´í•œ ì‚¬ìš©ìž','000-1695805565231',NULL,'fea7f657f56a2a448da7d4b535ee5e279caf3d9a','5279c5f4-b0c7-4250-92c8-0c32a517ae9a'),
    (19,'ìš°ë™í•œê·¸ë¦‡','ë°•ë™ìš°','01065672542',NULL,'7110eda4d09e062aa5e4a390b0a572ac0d2c0220','ac9557c2-3254-4792-85b1-25b7cac8422b'),
    (20,'ë¹„íŠ¸ìº í”„','ê¹€ë¹„íŠ¸','01047345325','lorajung@naver.com','fea7f657f56a2a448da7d4b535ee5e279caf3d9a','06c9a046-67c7-4cfb-bad8-214f87dac85f');


-- ë§ˆì´íŽ˜ì´ì§€
INSERT INTO `sns_mypage` (`mno`, `state_message`, `birthday`, `gender`, `likes`, `visit_count`, `created_date`)
VALUES
    (1,NULL,NULL,0,0,9,'2023-09-26'),
    (2,'ðŸ¥•ðŸ¥•ðŸ¥•ðŸ¥•ðŸ¥•ðŸ¥•','1998-08-27',2,0,31,'2023-09-26'),
    (3,'ìš´ë™ ì—¬í–‰ ë…ì„œ ížë§ ~ >_<\r\n\r\nENFP',NULL,2,0,9,'2023-09-26'),
    (4,'ë‚´ê°€ ì œì¼ ì¢‹ì•„í•˜ëŠ” ìŒì‹ì€ í˜¸ë¹µì¼ê¹Œìš”? ì°ë¹µì¼ê¹Œìš”?',NULL,1,0,12,'2023-09-26'),
    (5,'',NULL,1,0,4,'2023-09-26'),
    (6,'',NULL,1,0,2,'2023-09-26'),
    (7,NULL,NULL,0,0,5,'2023-09-26'),
    (8,NULL,NULL,0,0,2,'2023-09-26'),
    (9,NULL,NULL,0,0,2,'2023-09-26'),
    (10,NULL,NULL,0,0,7,'2023-09-26'),
    (11,'','1997-06-17',1,0,1,'2023-09-26'),
    (12,'ë‚˜ëŠ”ì•¼~ ì  í‚¨ìŠ¤~','1978-09-09',1,0,0,'2023-09-27'),
    (13,NULL,NULL,0,0,1,'2023-09-27'),
    (14,NULL,NULL,0,0,0,'2023-09-27'),
    (18,NULL,NULL,0,0,1,'2023-09-27'),
    (19,NULL,NULL,0,0,0,'2023-09-27'),
    (20,'mbti ENFP ìž…ë‹ˆë‹¤ : )','2023-09-04',2,0,2,'2023-09-27');

-- ê²Œì‹œê¸€ ì¹´í…Œê³ ë¦¬
INSERT INTO sns_board_category (name)
VALUES
    (1,'ê²Œì‹œê¸€'),
    (2,'ë°©ëª…ë¡');


-- ê²Œì‹œê¸€
INSERT INTO `sns_board` (`mno`, `title`, `content`, `view_count`, `likes`, `category`, `created_at`, `updated_at`)
VALUES
    (1,1,'ìš¸ì§‘ ê³ ì•µì“° ê·€ì—½ì¡°?','ê·€ì—¬ìš´ ë„˜ë“¤...',19,2,1,'2023-09-26 13:58:29',NULL),
    (2,2,'ëžœë§Œì— ì•¼êµ¬ìž¥ ížë§','ìš°ë¦¬ê°€ ì´ê²¼ì§€ë ã…‹',38,2,1,'2023-09-26 13:58:29',NULL),
    (3,3,'ì˜¤ëŠ˜ë„ ì—´ì‹¬ížˆ ìš´ë™í–ˆë‹¤ !','ì˜¤ëŠ˜ ì €ë…ì— ëŸ°ë‹ë„ ë›°ê³  ì›¨ì´íŠ¸ë„ í–ˆë‹¤.\r\nìš´ë™ì€ ë‚˜ì˜ ížë§ ~~\r\n',33,2,1,'2023-09-26 13:58:29',NULL),
    (4,4,'ë§›ë„ë¦¬ ~~~','ì˜¤ëŠ˜ ë‚´ê°€ ë¨¹ì€ ë§›ìžˆëŠ” í˜¸ë¹µ\r\ní˜¸ë¹µì´ ì„¸ìƒì—ì„œ ì œì¼ ì¢‹ì•„ìš” !!!!',24,4,1,'2023-09-26 13:58:29',NULL),
    (5,5,'ížë§í•  ê±° ì¶”ì²œ ë°›ì•„ìš”','ã…ˆã„±ã„´',44,2,1,'2023-09-26 13:58:29',NULL),
    (6,6,'í‘¸ë°”ì˜¹ ë³´ê³  ížë§í•˜ì„¸ìš”^-^','1ë°”ì˜¤ëž‘ 2ë°”ì˜¤ ì´ë¦„ ë­ë¡œ ì§€ìœ¼ë ¤ë‚˜',40,1,1,'2023-09-26 13:58:29',NULL),
    (20,11,'ã…Žã…‡','ã…Žã…‡ã…Žã…‡',47,3,1,'2023-09-26 16:22:22',NULL),
    (23,6,'ì´ë²ˆì£¼ ì£¼ë§ ë“±ì‚° ì˜¤ë•Œì—¬~?','2023ë…„ 09ì›” 27ì¼\r\nìž¥ì†Œ : ìˆ˜ë½ì‚° ìž…êµ¬ ì•ž\r\nížë§ì´ í•„ìš”í•œ ì‚¬ëžŒë“¤ ë§Žì´ ë§Žì´ ë†€ëŸ¬ì˜¤ì„¸ì—¬~',14,2,1,'2023-09-26 21:20:56',NULL),
    (24,5,'ë‚´ì¼ í’‹ì‚´í•˜ì‹¤ë¶„ ëª¨ì§‘í•©ë‹ˆë‹¤!','ì°¸ê°€ì¡°ê±´ì´ ë§¨ìœ íŒ¬ë¶„ë“¤!!\r\në¬´ì¡°ê±´ ë§¨ìœ  ìœ ë‹ˆí¼ìž…ê³  ë›°ì–´ì•¼í•©ë‹ˆë‹¤ã…Žã…Žã…Ž\r\n\r\nëŒ€ì‹  ëë‚˜ê³  ì¹˜í‚¨ì ê²Œìš”!\r\n\r\nìœ„ì¹˜ :ì•ˆì‚° ë‘”ë°°ë¯¸ê³µì› í’‹ì‚´ìž¥\r\nì‹œê°„ :ì˜¤í›„ 1ì‹œ!!',10,1,1,'2023-09-26 21:27:04',NULL),
    (25,2,'ížë§ ë°”ë‹¤~~~~','ë°”ë‹¤ ëžœë§Œ~~',17,4,1,'2023-09-26 21:27:36',NULL),
    (26,5,'ë°¤í•˜ëŠ˜ ë³´ëŸ¬ì˜¤ì„¸ì—¬~~~~','ì´ê²Œ ížë§ìž…ë‹ˆë‹¤!',15,1,1,'2023-09-26 21:28:30',NULL),
    (27,2,'ë¶ˆë© ì‚¬ì§„ ë³´ê³  ê°€ì„¸ì—¬~^-^','ë¶ˆë© ë„˜ëª¨ ì¡°í•˜',20,1,1,'2023-09-26 21:51:11',NULL),
    (28,4,'ì¹´íŽ˜ì—ì„œ ížë§ í•œìž” ~','ì˜¤ëŠ˜ ì¹œêµ¬ëž‘ ì¹´íŽ˜ì—ì„œ ì»¤í”¼ ë¨¹ê³ \r\nìˆ˜ë‹¤ë„ ë–¨ê³  ížë§í–ˆë‹¤ !!\r\n',12,2,1,'2023-09-26 21:52:20',NULL),
    (29,4,'ë¶€ì‚°í•˜ë©´ ë°”ë‹¤ì§€~','ë‚˜ëŠ” ë°”ë‹¤ë¥¼ ë„ˆë¬´ ì¢‹ì•„í•´~',23,3,1,'2023-09-27 00:01:46',NULL),
    (30,2,'ì˜¤ëŠ˜ìž í•˜ëŠ˜ ì‚¬ì§„â˜€ï¸','ì˜ˆìœí•˜ëŠ˜ ë³´ê³  ížë§í•˜ì„¸ìš”!',23,3,1,'2023-09-27 07:07:39',NULL),
    (31,2,'ì—¬ìœ  í•œ ìž”â˜•ï¸','ì»¤í”¼ í•œ ìž”ì˜ ì—¬ìœ ',19,4,1,'2023-09-27 07:14:33',NULL),
    (32,2,'ì´ë²ˆ ì£¼ ìŠ¤íŠ¸ë ˆìŠ¤ ë§Œë•….. ë§›ë„ë¦¬ë¡œ í’€ì–´ë²„ë¦¬ê¸°ðŸ˜†','ë§›ìžˆëŠ” ê±° ë¨¹êµ¬ í’€ì–´ë²„ë ¤ì•¼ì§€><',23,4,1,'2023-09-27 07:16:01',NULL),
    (33,2,'ì˜¤ëŠ˜ìž ë‹¬ ì‚¬ì§„!!!!','ìš¸íŠ¸ë¼ë¡œ ì°ì€ ë‹¬ì´ì§€ë ',32,4,1,'2023-09-27 07:17:40',NULL),
    (34,2,'ë‚´ê°€ë§Œë“  ì¿ í‚¤~ðŸª','ëŠ” ë§ˆë“¤ë Œã…‹',67,1,1,'2023-09-27 07:55:41',NULL),
    (40,20,'í•˜ì´','í•˜ì´',11,1,1,'2023-09-27 18:18:16',NULL);

-- ëŒ“ê¸€
INSERT INTO `sns_board_comment` (`bno`, `mno`, `content`, `created_at`, `updated_at`)
VALUES
    (1,1,2,'ê³ ì–‘ì´ ë„˜ ê·€ì—½ìžë„ˆã… ','2023-09-26 13:58:29',NULL),
    (2,2,4,'ì—í—¤ì´.. ë‹´ì—” ì´ê¸´ë‹¤','2023-09-26 13:58:29',NULL),
    (4,2,6,'ã…‹ã…‹ã…‹ã…‹ã…‹ã…‹ã…‹ã……ã„±ã…‡','2023-09-26 13:58:29',NULL),
    (5,3,5,'ìž˜ ë³´ê³  ê°€ìš”^-^','2023-09-26 13:58:29',NULL),
    (6,3,6,'ëŒ€ë‹¨ì“°ã„·ã„·','2023-09-26 13:58:29',NULL),
    (9,2,2,'ë‘ì‚° 4ë“±~ ë¡¯ë° 7ë“±~','2023-09-26 14:41:08',NULL),
    (28,6,11,'í•˜ì´ìš”','2023-09-26 16:24:16',NULL),
    (36,3,2,'ë¯€ì°Œë‹¤ìž‰','2023-09-26 21:19:24',NULL),
    (37,23,3,'ë“±ë¦°ì´ ë“±ìž¥ ~~~ ','2023-09-26 21:26:26',NULL),
    (39,1,3,'ê³ ì–‘ì´ ë„ˆë¬´ ê·€ì—¬ì›Œìš”...','2023-09-26 21:27:04',NULL),
    (40,23,5,'ê°ì˜¤ í•˜ì‹œë¼êµ¬ìš”!','2023-09-26 21:36:21',NULL),
    (41,25,5,'ì˜¤ ì €ê¸° ì–´ë””ì¸ê°€ìš”??','2023-09-26 21:39:29',NULL),
    (42,25,3,'ìš°ì™• ë°”ë‹¤ë‹¤ ~~~~~','2023-09-26 21:42:19',NULL),
    (45,2,3,'ì•¼êµ¬ìž¥ì—ì„œ ì¹˜ë§¥í•˜ë©´ ì§„ì§œ ë§›ìžˆëŠ”ëŽ… ã… ã…  \r\në‚˜ì¤‘ì— ë‚˜ëž‘ ê°™ì´ ì•¼êµ¬ë³´ëŸ¬ ê°€ìž ~~ \r\nížˆížˆížˆížˆ','2023-09-26 21:43:42',NULL),
    (46,4,5,'ì™€ í˜¸ë¹µë§¨ë‹˜ ë‹¤ìš´ í˜¸ë¹µì´ë„¤ìš”!!','2023-09-26 21:48:53',NULL),
    (47,4,1,'í˜¸ë¹µ ë§›ë‚˜ê² ë‹¹','2023-09-26 21:48:59',NULL),
    (48,4,6,'ë‚œ ì„¸ê· ë§¨~','2023-09-26 21:49:00',NULL),
    (49,3,4,'ë…¸ì„ì´ ì´ë»ìš”~','2023-09-27 00:14:21',NULL),
    (50,27,4,'íŒŒëž€ìƒ‰ ë¶ˆ ë©‹ì ¸ìš”~~','2023-09-27 00:16:13',NULL),
    (51,24,4,'ë§¨ìœ íŒ¬ì´ ì•„ë‹ˆë¼ì„œ ì•„ì‰½ë„¤ìš” ã…œã…œ','2023-09-27 00:17:40',NULL),
    (52,33,1,'ìš°ì™€!!!!','2023-09-27 07:41:37',NULL),
    (53,34,4,'ì˜¤ ë„ˆë¬´ ë§›ìžˆì–´ë³´ì—¬ìš”!','2023-09-27 10:21:42',NULL),
    (54,33,4,'ì™€ìš°!!','2023-09-27 10:22:16',NULL),
    (56,30,4,'í—~~ Fìœ¨~~','2023-09-27 11:07:56',NULL),
    (57,31,4,'ì—¬ìœ ê°€ ë„ˆë¬´ ëŠê»´ì§€ë„¤ìš”...','2023-09-27 11:08:27',NULL),
    (58,32,4,'êºœ~~ ë§›ìžˆê² ë”°~~','2023-09-27 11:08:41',NULL),
    (59,34,5,'ì¿ í‚¤ ì „ë¬¸ê°€ì•¼~','2023-09-27 11:09:11',NULL),
    (60,32,5,'ë‚˜ë„ ì‚¬ì¤˜ìš”~!','2023-09-27 11:09:25',NULL),
    (61,31,5,'ë°”ë‹¤ + ì°¨ í•œìž” ì™„ë²½ ê·¸ ìž¡ì²´!','2023-09-27 11:09:42',NULL),
    (62,30,5,'ìƒ‰ê° ë¬´ì³ë”°~','2023-09-27 11:09:58',NULL),
    (63,27,5,'ë§ˆì‰¬ë©œë¡œìš° êµ¬ì›Œë¨¹ê³  ì‹¶ë„¤ìš”!','2023-09-27 11:10:24',NULL),
    (64,3,5,'êµ¿êµ¿','2023-09-27 11:10:36',NULL),
    (65,31,6,'ì˜¤ì…˜ë·° ì¹´íŽ˜ ëª»ì°¸ì¥~~','2023-09-27 11:10:54',NULL),
    (66,30,1,'êµ¬ë¦„ì´ ë„ˆë¬´ ì´ì˜ë„¤ìš”~','2023-09-27 11:11:09',NULL),
    (67,34,1,'ì¿ í‚¤ ì•¼ë¯¸~','2023-09-27 11:11:18',NULL),
    (68,32,1,'ì˜¤! ë°ì½” ë„ˆë¬´ ì´ë»ìš”~','2023-09-27 11:11:34',NULL),
    (69,27,6,'í†µë‹­ ë¨¹ê³  ì‹¶ë„¤ì—¬!','2023-09-27 11:11:34',NULL),
    (70,27,1,'ë¶ˆë©....','2023-09-27 11:12:01',NULL),
    (71,25,6,'lets go incheon ocean~','2023-09-27 11:12:09',NULL),
    (72,33,1,'ìš°ì™€~~','2023-09-27 11:12:12',NULL),
    (73,31,1,'ì¼€ìµ ì¸ê°€ìš”? ì•„ì´ìŠ¤í¬ë¦¼ì¸ê°€ìš”?','2023-09-27 11:12:42',NULL),
    (75,34,1,'ã…Žã…‡ã…Žã…‡','2023-09-27 11:48:12',NULL),
    (76,34,4,'ë§›ìžˆê² ë‹¤!!!','2023-09-27 17:57:32',NULL),
    (78,29,2,'ë°”ë‹¤ ì˜ˆì˜ë‹¤!!!','2023-09-27 17:59:59',NULL),
    (79,29,20,'ë°”ë‹¤ ë„ˆë¬´ ì˜ˆë»ìš” ~','2023-09-27 18:17:46',NULL);

-- ê²Œì‹œê¸€ ì¢‹ì•„ìš”
INSERT INTO `sns_board_like` (`mno`, `bno`)
VALUES
    (2,1),
    (5,1),
    (2,2),
    (5,2),
    (4,3),
    (5,3),
    (1,4),
    (2,4),
    (5,4),
    (6,4),
    (4,5),
    (5,5),
    (6,6),
    (1,20),
    (7,20),
    (10,20),
    (2,23),
    (5,23),
    (2,24),
    (2,25),
    (3,25),
    (4,25),
    (5,25),
    (2,26),
    (4,27),
    (1,28),
    (2,28),
    (1,29),
    (2,29),
    (20,29),
    (1,30),
    (3,30),
    (4,30),
    (1,31),
    (3,31),
    (4,31),
    (6,31),
    (1,32),
    (3,32),
    (4,32),
    (5,32),
    (1,33),
    (3,33),
    (4,33),
    (6,33),
    (4,34),
    (2,40);

-- íŒ”ë¡œìš°
INSERT INTO `sns_follow` (`follower`, `following`)
VALUES
    (2,1),
    (5,1),
    (2,2),
    (5,2),
    (4,3),
    (5,3),
    (1,4),
    (2,4),
    (5,4),
    (6,4),
    (4,5),
    (5,5),
    (6,6),
    (1,20),
    (7,20),
    (10,20),
    (2,23),
    (5,23),
    (2,24),
    (2,25),
    (3,25),
    (4,25),
    (5,25),
    (2,26),
    (4,27),
    (1,28),
    (2,28),
    (1,29),
    (2,29),
    (20,29),
    (1,30),
    (3,30),
    (4,30),
    (1,31),
    (3,31),
    (4,31),
    (6,31),
    (1,32),
    (3,32),
    (4,32),
    (5,32),
    (1,33),
    (3,33),
    (4,33),
    (6,33),
    (4,34),
    (2,40);

-- ì•Œë¦¼ ìœ í˜•
INSERT INTO `sns_noti_type` (`name`)
VALUES
    (3,'ëŒ“ê¸€ ì•Œë¦¼'),
    (1,'ì¢‹ì•„ìš” ì•Œë¦¼'),
    (4,'íƒœê·¸ ì•Œë¦¼'),
    (2,'íŒ”ë¡œìš° ì•Œë¦¼');


-- ê°œì¸ ì„¤ì •
INSERT INTO `sns_personal_option` (`mno`, `like_noti_state`, `follow_noti_state`, `coment_noti_state`, `tag_noti_state`)
VALUES
    (1, 1, 1, 1, 1),
    (2, 1, 1, 1, 1),
    (3, 1, 1, 1, 1),
    (4, 1, 1, 1, 1),
    (5, 1, 1, 1, 1),
    (6, 1, 1, 1, 1);



-- ë°©ëª…ë¡
INSERT INTO sns_guestbook (gbno,title, content, likes, created_at, mno, mpno)
VALUES
    (1,'ì™€ë”°ê°','ã…Žã…‡',1,'2023-09-26 13:58:30',1,2),
    (2,'ã…Žã…‡ã…Žã…‡','ã…Žã…‡ã…Žã…‡',4,'2023-09-26 13:58:30',2,1),
    (3,'ã…Žrì´','ì„¸ ë²ˆì§¸ ê²Œì‹œë¬¼ ë‚´ìš©ìž…ë‹ˆë‹¤.',0,'2023-09-26 13:58:30',3,4),
    (4,'ã…Žã…‡ã…Žã…‡','ì„¸ ë²ˆì§¸ ê²Œì‹œë¬¼ ë‚´ìš©ìž…ë‹ˆë‹¤.',1,'2023-09-26 13:58:30',4,3),
    (5,'í• ë¡œ','ì„¸ ë²ˆì§¸ ê²Œì‹œë¬¼ ë‚´ìš©ìž…ë‹ˆë‹¤.',0,'2023-09-26 13:58:30',5,6),
    (6,'ì™”ë‹¤ê°^-^','Ooooo\n (      )\n   )   /\n  (_/',2,'2023-09-26 13:58:30',1,2),
    (9,'ì´ë²ˆ ì±”ìŠ¤ëŠ”','ë§¨ìœ ì˜ ìš°ìŠ¹ì´ë‹¤',NULL,'2023-09-26 15:10:59',6,5),
    (13,'x','x',NULL,'2023-09-26 16:19:33',7,7),
    (14,'ã…Žã…‡','ã…Žã…‡',NULL,'2023-09-26 16:35:43',11,3),
    (15,'f','sdf',NULL,'2023-09-26 16:50:11',4,4),
    (29,'ã…Žã…Žã…Žã…Žã…Žã…Žã…Ž','ã…Žã…Žã…Žã…Žã…Žã…Žã…Žã…Žã…Ž',NULL,'2023-09-26 19:27:24',1,4),
    (30,';;;;;;;;','ã… ã… ã… ã… ã… ',NULL,'2023-09-26 19:27:53',1,4),
    (31,'ã… ã… ã… ã… ã… ã…','ã… ã… ã… ã… ã… ',NULL,'2023-09-26 19:28:04',1,4),
    (32,'í•˜ì´','í•˜ì´',NULL,'2023-09-26 19:31:11',2,4),
    (33,'test','test',NULL,'2023-09-26 19:44:53',2,1),
    (34,'test','test',NULL,'2023-09-26 19:47:44',5,1),
    (35,'test','testr',NULL,'2023-09-26 19:49:49',5,1),
    (36,'test','testtest',NULL,'2023-09-26 19:53:54',5,1),
    (37,'test','test',NULL,'2023-09-26 20:08:22',5,1),
    (39,'test','test',NULL,'2023-09-26 20:14:07',5,1),
    (42,'ì˜¤ëŠ˜ë„ ì¶œì„í•œë‹¤ ~~','ì˜¤ëŠ˜ í•˜ë£¨ë„ ê³ ìƒí–ˆì–´ìš” !!',NULL,'2023-09-26 21:46:36',4,2),
    (43,'ì—°ê¶ë‹˜ í•˜ì´ìš”','ë“¤ë €ë‹¤ ê°‘ë‹ˆë‹¤ ã…Žã…Ž',NULL,'2023-09-26 21:54:04',4,3),
    (44,'ë‹¤ë“¤ ì·¨ë½€í•©ì‹œë‹¤~','í™”ì´íŒ…~~',NULL,'2023-09-27 00:15:08',4,4),
    (45,'ë§¨ìœ  í™”ì´íŒ…','ì „í†µìžˆëŠ” êµ¬ë‹¨ì´ì£ ~',NULL,'2023-09-27 00:17:18',4,10),
    (48,'ã…Žã…‡ã…Žã…‡','ë˜ ë“¤ë €ì–´ìš”~',NULL,'2023-09-27 11:06:59',4,2),
    (49,'ì—¬ê¸°ê°€ ížë§ ë§›ì§‘ì´ë¼ë©´ì„œìš”~?','ížë§í•˜ê³ ê°‘ë‹ˆë‹¤~~~',NULL,'2023-09-27 11:07:23',6,2),
    (50,'ì˜¤ëŠ˜ì€ ë°œí‘œë‚ ~','í›„ë‹¤ë‹¥ í•´ë³´ë¦¬ê¸°~',NULL,'2023-09-27 11:07:24',4,4),
    (51,'ê²Œì‹œê¸€ ì“°ì‹ ê±° ë³´ê³  ì™”ì–´ìš”!','ë‹¤ìŒì— ì¶•êµ¬ë„ í•˜ì‹œì£ !',NULL,'2023-09-27 11:07:38',5,2),
    (52,'ë°”ë‹¤ì‚¬ì§„ì´ ì •ë§ ížë§ë˜ë„¤ìš”~','ìš”ì¦˜ ë°”ë¹ ì„œ ë°”ë‹¤ë¥¼ ëª»ê°€ì„œ ìš°ìš¸í–ˆëŠ”ë° ì´ë ‡ê²Œ ì‚¬ì§„ì´ë¼ë„ ë´ì„œ ížë§í•˜ê³  ê°‘ë‹ˆë‹¤~',NULL,'2023-09-27 11:08:12',6,2),
    (53,'ë§žíŒ” í•´ì£¼ì„¸ìš”!','ë§žíŒ” ë¶€íƒë“œë¦½ë‹ˆë‹¤.',NULL,'2023-09-27 11:08:22',5,2),
    (54,'ì €ë¥¼ ížë§ë²„íŠ¼ìœ¼ë¡œ ì“°ì„¸ìš”~','ì•¼ë¯¸~',NULL,'2023-09-27 11:09:15',1,2),
    (55,'ì•¼êµ¬ëŠ” ì—­ì‹œ','ê¸°ì•„ì£ !',NULL,'2023-09-27 11:10:06',5,2),
    (56,'ì•ˆë…•í•˜ì„¸ìš”','ë“¤ë €ë‹¤ê°‘ë‹ˆë‹¤',NULL,'2023-09-27 11:45:26',18,2),
    (57,'ì•ˆë…•í•˜ì„¸ìš”','íšŒì› ê°€ìž…ì„ ì¶•í•˜í•©ë‹ˆë‹¤\r\n',NULL,'2023-09-27 11:46:45',1,18),
    (58,'ì•ˆë…•í•˜ì„¸ìš”~~','ë“¤ë €ë‹¤ ê°‘ë‹ˆë‹¤~',NULL,'2023-09-27 18:00:47',2,2),
    (59,'ì•ˆë…•í•˜ì„¸ìš”!','ë“¤ë €ë‹¤ ê°‘ë‹ˆë‹¤~~',NULL,'2023-09-27 18:01:27',2,4),
    (60,'ì•ˆë…•í•˜ì„¸ìš”','ë“¤ë €ë‹¤ê°€ìš” ~ ',NULL,'2023-09-27 18:16:40',20,2),
    (61,'ì•ˆë‡½?','ë“¤ë €ë‹¤ê°~',NULL,'2023-10-03 10:34:29',2,20);


INSERT INTO `sns_noti_log` (`nlno`, `mno`, `ntno`, `content`, `url`)
VALUES
    (1,2,1,'íŒ¡íŒŒë ˆë‹˜ì´ íšŒì›ì˜ ë°©ëª…ë¡ ê¸€ì„ ì¢‹ì•„í•©ë‹ˆë‹¤.','/guestBook/0',1),
    (2,2,1,'íŒ¡íŒŒë ˆë‹˜ì´ íšŒì›ì˜ ë°©ëª…ë¡ ê¸€ì„ ì¢‹ì•„í•©ë‹ˆë‹¤.','/guestBook/0',1),
    (3,2,1,'íŒ¡íŒŒë ˆë‹˜ì´ íšŒì›ì˜ ë°©ëª…ë¡ ê¸€ì„ ì¢‹ì•„í•©ë‹ˆë‹¤.','/guestBook/0',1),
    (4,2,1,'íŒ¡íŒŒë ˆë‹˜ì´ íšŒì›ì˜ ë°©ëª…ë¡ ê¸€ì„ ì¢‹ì•„í•©ë‹ˆë‹¤.','/guestBook/0',1),
    (5,3,1,'í˜¸ë¹µë§¨ë‹˜ì´ íšŒì›ë‹˜ì„ íŒ”ë¡œìš° í–ˆìŠµë‹ˆë‹¤.','/myPage/4',0),
    (6,5,1,'í˜¸ë¹µë§¨ë‹˜ì´ íšŒì›ë‹˜ì˜ ê²Œì‹œê¸€ì— ëŒ“ê¸€ì„ ë‹¬ì•˜ìŠµë‹ˆë‹¤.','/board/detail/1/5',1),
    (7,5,2,'í˜¸ë¹µë§¨ë‹˜ì´ íšŒì›ì˜ ê²Œì‹œê¸€ì„ ì¢‹ì•„í•©ë‹ˆë‹¤.','/board/1/5',1),
    (8,2,1,'íŒ¡íŒŒë ˆë‹˜ì´ íšŒì›ì˜ ë°©ëª…ë¡ ê¸€ì„ ì¢‹ì•„í•©ë‹ˆë‹¤.','/guestBook/0',1),
    (9,2,1,'íŒ¡íŒŒë ˆë‹˜ì´ íšŒì›ì˜ ë°©ëª…ë¡ ê¸€ì„ ì¢‹ì•„í•©ë‹ˆë‹¤.','/guestBook/0',1),
    (10,2,1,'íŒ¡íŒŒë ˆë‹˜ì´ íšŒì›ì˜ ë°©ëª…ë¡ ê¸€ì„ ì¢‹ì•„í•©ë‹ˆë‹¤.','/guestBook/0',1),
    (11,2,1,'íŒ¡íŒŒë ˆë‹˜ì´ íšŒì›ì˜ ë°©ëª…ë¡ ê¸€ì„ ì¢‹ì•„í•©ë‹ˆë‹¤.','/guestBook/0',1),
    (12,2,1,'í˜¸ë¹µë§¨ë‹˜ì´ íšŒì›ë‹˜ì˜ ê²Œì‹œê¸€ì— ëŒ“ê¸€ì„ ë‹¬ì•˜ìŠµë‹ˆë‹¤.','/board/detail/1/2',1),
    (13,4,1,'ì—°ê¶ì´ë‹˜ì´ íšŒì›ì˜ ë°©ëª…ë¡ ê¸€ì„ ì¢‹ì•„í•©ë‹ˆë‹¤.','/guestBook/0',1),
    (14,4,2,'ì—°ê¶ì´ë‹˜ì´ íšŒì›ë‹˜ì˜ ê²Œì‹œê¸€ì„ ì¢‹ì•„í•©ë‹ˆë‹¤.','/board/1/7',1),
    (15,3,1,'í˜¸ë¹µë§¨ë‹˜ì´ íšŒì›ë‹˜ì˜ ê²Œì‹œê¸€ì— ëŒ“ê¸€ì„ ë‹¬ì•˜ìŠµë‹ˆë‹¤.','/board/detail/1/8',0),
    (16,4,1,'ì§€ë‚˜ê°€ìœ¨ë‹˜ì´ íšŒì›ë‹˜ì˜ ê²Œì‹œê¸€ì— ëŒ“ê¸€ì„ ë‹¬ì•˜ìŠµë‹ˆë‹¤.','/board/detail/1/7',1),
    (17,1,2,'ì‚°ì¤€ìœ¼ë¡œë‹˜ì´ íšŒì›ë‹˜ì˜ ê²Œì‹œê¸€ì„ ì¢‹ì•„í•©ë‹ˆë‹¤.','/board/1/1',1),
    (18,1,2,'ì‚°ì¤€ìœ¼ë¡œë‹˜ì´ íšŒì›ë‹˜ì˜ ê²Œì‹œê¸€ì„ ì¢‹ì•„í•©ë‹ˆë‹¤.','/board/1/1',1),
    (19,3,1,'í˜¸ë¹µë§¨ë‹˜ì´ íšŒì›ë‹˜ì„ íŒ”ë¡œìš° í–ˆìŠµë‹ˆë‹¤.','/myPage/4',0),
    (20,3,1,'í˜¸ë¹µë§¨ë‹˜ì´ íšŒì›ë‹˜ì„ íŒ”ë¡œìš° í–ˆìŠµë‹ˆë‹¤.','/myPage/4',0),
    (21,3,1,'í˜¸ë¹µë§¨ë‹˜ì´ íšŒì›ë‹˜ì„ íŒ”ë¡œìš° í–ˆìŠµë‹ˆë‹¤.','/myPage/4',0),
    (22,3,1,'í˜¸ë¹µë§¨ë‹˜ì´ íšŒì›ë‹˜ì„ íŒ”ë¡œìš° í–ˆìŠµë‹ˆë‹¤.','/myPage/4',0),
    (23,3,1,'í˜¸ë¹µë§¨ë‹˜ì´ íšŒì›ë‹˜ì„ íŒ”ë¡œìš° í–ˆìŠµë‹ˆë‹¤.','/myPage/4',0),
    (24,3,1,'í˜¸ë¹µë§¨ë‹˜ì´ íšŒì›ë‹˜ì„ íŒ”ë¡œìš° í–ˆìŠµë‹ˆë‹¤.','/myPage/4',0),
    (25,3,1,'í˜¸ë¹µë§¨ë‹˜ì´ íšŒì›ë‹˜ì„ íŒ”ë¡œìš° í–ˆìŠµë‹ˆë‹¤.','/myPage/4',0),
    (26,3,1,'í˜¸ë¹µë§¨ë‹˜ì´ íšŒì›ë‹˜ì„ íŒ”ë¡œìš° í–ˆìŠµë‹ˆë‹¤.','/myPage/4',0),
    (27,6,1,'ì‚°ì¤€ìœ¼ë¡œë‹˜ì´ íšŒì›ë‹˜ì˜ ê²Œì‹œê¸€ì— ëŒ“ê¸€ì„ ë‹¬ì•˜ìŠµë‹ˆë‹¤.','/board/detail/1/10',0),
    (28,6,1,'í˜¸ë¹µë§¨ë‹˜ì´ íšŒì›ë‹˜ì„ íŒ”ë¡œìš° í–ˆìŠµë‹ˆë‹¤.','/myPage/4',0),
    (29,6,1,'ì‚°ì¤€ìœ¼ë¡œë‹˜ì´ íšŒì›ë‹˜ì˜ ê²Œì‹œê¸€ì— ëŒ“ê¸€ì„ ë‹¬ì•˜ìŠµë‹ˆë‹¤.','/board/detail/1/10',0),
    (30,6,1,'í˜¸ë¹µë§¨ë‹˜ì´ íšŒì›ë‹˜ì˜ ê²Œì‹œê¸€ì— ëŒ“ê¸€ì„ ë‹¬ì•˜ìŠµë‹ˆë‹¤.','/board/detail/1/10',0),
    (31,4,1,'ì—°ê¶ì´ë‹˜ì´ íšŒì›ë‹˜ì„ íŒ”ë¡œìš° í–ˆìŠµë‹ˆë‹¤.','/myPage/3',1),
    (32,4,1,'ì—°ê¶ì´ë‹˜ì´ íšŒì›ë‹˜ì„ íŒ”ë¡œìš° í–ˆìŠµë‹ˆë‹¤.','/myPage/3',1),
    (33,4,1,'ì—°ê¶ì´ë‹˜ì´ íšŒì›ë‹˜ì„ íŒ”ë¡œìš° í–ˆìŠµë‹ˆë‹¤.','/myPage/3',1),
    (34,4,1,'ì—°ê¶ì´ë‹˜ì´ íšŒì›ë‹˜ì„ íŒ”ë¡œìš° í–ˆìŠµë‹ˆë‹¤.','/myPage/3',1),
    (35,4,1,'ì—°ê¶ì´ë‹˜ì´ íšŒì›ë‹˜ì„ íŒ”ë¡œìš° í–ˆìŠµë‹ˆë‹¤.','/myPage/3',1),
    (36,4,1,'ì—°ê¶ì´ë‹˜ì´ íšŒì›ë‹˜ì„ íŒ”ë¡œìš° í–ˆìŠµë‹ˆë‹¤.','/myPage/3',1),
    (37,4,1,'ì—°ê¶ì´ë‹˜ì´ íšŒì›ë‹˜ì„ íŒ”ë¡œìš° í–ˆìŠµë‹ˆë‹¤.','/myPage/3',1),
    (38,4,1,'ì—°ê¶ì´ë‹˜ì´ íšŒì›ë‹˜ì„ íŒ”ë¡œìš° í–ˆìŠµë‹ˆë‹¤.','/myPage/3',1),
    (39,4,1,'ì—°ê¶ì´ë‹˜ì´ íšŒì›ë‹˜ì„ íŒ”ë¡œìš° í–ˆìŠµë‹ˆë‹¤.','/myPage/3',1),
    (40,4,1,'ì—°ê¶ì´ë‹˜ì´ íšŒì›ë‹˜ì„ íŒ”ë¡œìš° í–ˆìŠµë‹ˆë‹¤.','/myPage/3',1),
    (41,4,1,'ì—°ê¶ì´ë‹˜ì´ íšŒì›ë‹˜ì„ íŒ”ë¡œìš° í–ˆìŠµë‹ˆë‹¤.','/myPage/3',1),
    (42,4,1,'ì—°ê¶ì´ë‹˜ì´ íšŒì›ë‹˜ì„ íŒ”ë¡œìš° í–ˆìŠµë‹ˆë‹¤.','/myPage/3',1),
    (43,4,1,'ì—°ê¶ì´ë‹˜ì´ íšŒì›ë‹˜ì„ íŒ”ë¡œìš° í–ˆìŠµë‹ˆë‹¤.','/myPage/3',1),
    (44,4,1,'ì—°ê¶ì´ë‹˜ì´ íšŒì›ë‹˜ì„ íŒ”ë¡œìš° í–ˆìŠµë‹ˆë‹¤.','/myPage/3',1),
    (45,4,1,'ì—°ê¶ì´ë‹˜ì´ íšŒì›ë‹˜ì„ íŒ”ë¡œìš° í–ˆìŠµë‹ˆë‹¤.','/myPage/3',1),
    (46,4,1,'ì—°ê¶ì´ë‹˜ì´ íšŒì›ë‹˜ì„ íŒ”ë¡œìš° í–ˆìŠµë‹ˆë‹¤.','/myPage/3',1),
    (47,4,1,'ì—°ê¶ì´ë‹˜ì´ íšŒì›ë‹˜ì„ íŒ”ë¡œìš° í–ˆìŠµë‹ˆë‹¤.','/myPage/3',1),
    (48,4,1,'ì—°ê¶ì´ë‹˜ì´ íšŒì›ë‹˜ì„ íŒ”ë¡œìš° í–ˆìŠµë‹ˆë‹¤.','/myPage/3',1),
    (49,4,1,'ì—°ê¶ì´ë‹˜ì´ íšŒì›ë‹˜ì„ íŒ”ë¡œìš° í–ˆìŠµë‹ˆë‹¤.','/myPage/3',1),
    (50,4,1,'ì—°ê¶ì´ë‹˜ì´ íšŒì›ë‹˜ì„ íŒ”ë¡œìš° í–ˆìŠµë‹ˆë‹¤.','/myPage/3',1),
    (51,4,1,'ì—°ê¶ì´ë‹˜ì´ íšŒì›ë‹˜ì„ íŒ”ë¡œìš° í–ˆìŠµë‹ˆë‹¤.','/myPage/3',1),
    (52,4,1,'ì—°ê¶ì´ë‹˜ì´ íšŒì›ë‹˜ì„ íŒ”ë¡œìš° í–ˆìŠµë‹ˆë‹¤.','/myPage/3',1),
    (53,3,1,'í˜¸ë¹µë§¨ë‹˜ì´ íšŒì›ë‹˜ì„ íŒ”ë¡œìš° í–ˆìŠµë‹ˆë‹¤.','/myPage/4',0),
    (54,10,1,'ì—°ìˆ˜ë‹˜ì´ íšŒì›ë‹˜ì˜ ê²Œì‹œê¸€ì— ëŒ“ê¸€ì„ ë‹¬ì•˜ìŠµë‹ˆë‹¤.','/board/detail/1/19',0),
    (55,6,1,'ì „ì¤€í˜¸ë‹˜ì´ íšŒì›ë‹˜ì˜ ê²Œì‹œê¸€ì— ëŒ“ê¸€ì„ ë‹¬ì•˜ìŠµë‹ˆë‹¤.','/board/detail/1/10',0),
    (56,6,1,'ì „ì¤€í˜¸ë‹˜ì´ íšŒì›ë‹˜ì˜ ê²Œì‹œê¸€ì— ëŒ“ê¸€ì„ ë‹¬ì•˜ìŠµë‹ˆë‹¤.','/board/detail/1/10',0),
    (57,6,1,'ì „ì¤€í˜¸ë‹˜ì´ íšŒì›ë‹˜ì˜ ê²Œì‹œê¸€ì— ëŒ“ê¸€ì„ ë‹¬ì•˜ìŠµë‹ˆë‹¤.','/board/detail/1/10',0),
    (58,10,1,'ê¹€ì„ ì¤€ë‹˜ì´ íšŒì›ë‹˜ì„ íŒ”ë¡œìš° í–ˆìŠµë‹ˆë‹¤.','/myPage/11',0),
    (59,1,1,'ì „ì¤€í˜¸ë‹˜ì´ íšŒì›ë‹˜ì„ íŒ”ë¡œìš° í–ˆìŠµë‹ˆë‹¤.','/myPage/10',1),
    (60,2,1,'ì „ì¤€í˜¸ë‹˜ì´ íšŒì›ë‹˜ì„ íŒ”ë¡œìš° í–ˆìŠµë‹ˆë‹¤.','/myPage/10',1),
    (61,3,1,'ì „ì¤€í˜¸ë‹˜ì´ íšŒì›ë‹˜ì„ íŒ”ë¡œìš° í–ˆìŠµë‹ˆë‹¤.','/myPage/10',1),
    (62,4,1,'ì „ì¤€í˜¸ë‹˜ì´ íšŒì›ë‹˜ì„ íŒ”ë¡œìš° í–ˆìŠµë‹ˆë‹¤.','/myPage/10',1),
    (63,3,1,'ì—°ìˆ˜ë‹˜ì´ íšŒì›ë‹˜ì˜ ê²Œì‹œê¸€ì— ëŒ“ê¸€ì„ ë‹¬ì•˜ìŠµë‹ˆë‹¤.','/board/detail/1/12',0),
    (64,3,1,'ì—°ìˆ˜ë‹˜ì´ íšŒì›ë‹˜ì˜ ê²Œì‹œê¸€ì— ëŒ“ê¸€ì„ ë‹¬ì•˜ìŠµë‹ˆë‹¤.','/board/detail/1/14',1),
    (65,6,2,'ì—°ìˆ˜ë‹˜ì´ íšŒì›ë‹˜ì˜ ê²Œì‹œê¸€ì„ ì¢‹ì•„í•©ë‹ˆë‹¤.','/board/1/10',0),
    (66,6,2,'ì—°ìˆ˜ë‹˜ì´ íšŒì›ë‹˜ì˜ ê²Œì‹œê¸€ì„ ì¢‹ì•„í•©ë‹ˆë‹¤.','/board/1/10',0),
    (67,4,1,'ê¹€ì„ ì¤€ë‹˜ì´ íšŒì›ë‹˜ì˜ ê²Œì‹œê¸€ì— ëŒ“ê¸€ì„ ë‹¬ì•˜ìŠµë‹ˆë‹¤.','/board/detail/1/7',1),
    (68,6,1,'ê¹€ì„ ì¤€ë‹˜ì´ íšŒì›ë‹˜ì˜ ê²Œì‹œê¸€ì— ëŒ“ê¸€ì„ ë‹¬ì•˜ìŠµë‹ˆë‹¤.','/board/detail/1/6',0),
    (69,6,2,'ê¹€ì„ ì¤€ë‹˜ì´ íšŒì›ë‹˜ì˜ ê²Œì‹œê¸€ì„ ì¢‹ì•„í•©ë‹ˆë‹¤.','/board/1/10',0),
    (70,6,2,'ê¹€ì„ ì¤€ë‹˜ì´ íšŒì›ë‹˜ì˜ ê²Œì‹œê¸€ì„ ì¢‹ì•„í•©ë‹ˆë‹¤.','/board/1/10',0),
    (71,6,1,'ê¹€ì„ ì¤€ë‹˜ì´ íšŒì›ë‹˜ì˜ ê²Œì‹œê¸€ì— ëŒ“ê¸€ì„ ë‹¬ì•˜ìŠµë‹ˆë‹¤.','/board/detail/1/10',0),
    (72,1,1,'ê¹€ì„ ì¤€ë‹˜ì´ íšŒì›ì˜ ë°©ëª…ë¡ ê¸€ì„ ì¢‹ì•„í•©ë‹ˆë‹¤.','/guestBook/0',1),
    (73,11,2,'ì—°ìˆ˜ë‹˜ì´ íšŒì›ë‹˜ì˜ ê²Œì‹œê¸€ì„ ì¢‹ì•„í•©ë‹ˆë‹¤.','/board/1/20',0),
    (74,6,2,'í˜¸ë¹µë§¨ë‹˜ì´ íšŒì›ë‹˜ì˜ ê²Œì‹œê¸€ì„ ì¢‹ì•„í•©ë‹ˆë‹¤.','/board/1/10',0),
    (75,6,2,'ì‚°ì¤€ìœ¼ë¡œë‹˜ì´ íšŒì›ë‹˜ì˜ ê²Œì‹œê¸€ì„ ì¢‹ì•„í•©ë‹ˆë‹¤.','/board/1/10',0),
    (76,4,2,'ì‚°ì¤€ìœ¼ë¡œë‹˜ì´ íšŒì›ë‹˜ì˜ ê²Œì‹œê¸€ì„ ì¢‹ì•„í•©ë‹ˆë‹¤.','/board/1/7',1),
    (77,6,2,'íŒ¡íŒŒë ˆë‹˜ì´ íšŒì›ë‹˜ì˜ ê²Œì‹œê¸€ì„ ì¢‹ì•„í•©ë‹ˆë‹¤.','/board/1/10',0),
    (78,4,2,'íŒ¡íŒŒë ˆë‹˜ì´ íšŒì›ë‹˜ì˜ ê²Œì‹œê¸€ì„ ì¢‹ì•„í•©ë‹ˆë‹¤.','/board/1/7',1),
    (79,3,2,'íŒ¡íŒŒë ˆë‹˜ì´ íšŒì›ë‹˜ì˜ ê²Œì‹œê¸€ì„ ì¢‹ì•„í•©ë‹ˆë‹¤.','/board/1/14',1),
    (80,11,2,'íŒ¡íŒŒë ˆë‹˜ì´ íšŒì›ë‹˜ì˜ ê²Œì‹œê¸€ì„ ì¢‹ì•„í•©ë‹ˆë‹¤.','/board/1/20',0),
    (81,11,2,'ì „ì¤€í˜¸ë‹˜ì´ íšŒì›ë‹˜ì˜ ê²Œì‹œê¸€ì„ ì¢‹ì•„í•©ë‹ˆë‹¤.','/board/1/20',0),
    (82,11,1,'ì „ì¤€í˜¸ë‹˜ì´ íšŒì›ë‹˜ì„ íŒ”ë¡œìš° í–ˆìŠµë‹ˆë‹¤.','/myPage/10',0),
    (83,11,1,'ì „ì¤€í˜¸ë‹˜ì´ íšŒì›ë‹˜ì„ íŒ”ë¡œìš° í–ˆìŠµë‹ˆë‹¤.','/myPage/10',0),
    (84,7,1,'ì§€ë‚˜ê°€ìœ¨testë‹˜ì´ íšŒì›ë‹˜ì„ íŒ”ë¡œìš° í–ˆìŠµë‹ˆë‹¤.','/myPage/2',0),
    (85,3,1,'ì§€ë‚˜ê°€ìœ¨testë‹˜ì´ íšŒì›ë‹˜ì„ íŒ”ë¡œìš° í–ˆìŠµë‹ˆë‹¤.','/myPage/2',0),
    (86,2,1,'ì—°ê¶ì´ë‹˜ì´ íšŒì›ë‹˜ì„ íŒ”ë¡œìš° í–ˆìŠµë‹ˆë‹¤.','/myPage/3',1),
    (87,3,1,'ì§€ë‚˜ê°€ìœ¨testë‹˜ì´ íšŒì›ë‹˜ì„ íŒ”ë¡œìš° í–ˆìŠµë‹ˆë‹¤.','/myPage/2',0),
    (88,1,1,'ì§€ë‚˜ê°€ìœ¨testë‹˜ì´ íšŒì›ë‹˜ì„ íŒ”ë¡œìš° í–ˆìŠµë‹ˆë‹¤.','/myPage/2',1),
    (89,1,1,'ì§€ë‚˜ê°€ìœ¨testë‹˜ì´ íšŒì›ë‹˜ì„ íŒ”ë¡œìš° í–ˆìŠµë‹ˆë‹¤.','/myPage/2',1),
    (90,1,2,'ì§€ë‚˜ê°€ìœ¨testë‹˜ì´ íšŒì›ë‹˜ì˜ ê²Œì‹œê¸€ì„ ì¢‹ì•„í•©ë‹ˆë‹¤.','/board/detail/1/22',1),
    (91,1,1,'ì§€ë‚˜ê°€ìœ¨testë‹˜ì´ íšŒì›ë‹˜ì˜ ê²Œì‹œê¸€ì— ëŒ“ê¸€ì„ ë‹¬ì•˜ìŠµë‹ˆë‹¤.','/board/detail/1/22',1),
    (92,1,1,'ì§€ë‚˜ê°€ìœ¨testë‹˜ì´ íšŒì›ë‹˜ì„ íŒ”ë¡œìš° í–ˆìŠµë‹ˆë‹¤.','/myPage/2',0),
    (93,1,1,'ì§€ë‚˜ê°€ìœ¨testë‹˜ì´ íšŒì›ë‹˜ì„ íŒ”ë¡œìš° í–ˆìŠµë‹ˆë‹¤.','/myPage/2',0),
    (94,1,1,'ì§€ë‚˜ê°€ìœ¨testë‹˜ì´ íšŒì›ë‹˜ì„ íŒ”ë¡œìš° í–ˆìŠµë‹ˆë‹¤.','/myPage/2',0),
    (95,1,1,'ì§€ë‚˜ê°€ìœ¨testë‹˜ì´ íšŒì›ë‹˜ì„ íŒ”ë¡œìš° í–ˆìŠµë‹ˆë‹¤.','/myPage/2',0),
    (96,1,1,'ì§€ë‚˜ê°€ìœ¨testë‹˜ì´ íšŒì›ë‹˜ì„ íŒ”ë¡œìš° í–ˆìŠµë‹ˆë‹¤.','/myPage/2',0),
    (97,1,1,'ì§€ë‚˜ê°€ìœ¨testë‹˜ì´ íšŒì›ë‹˜ì„ íŒ”ë¡œìš° í–ˆìŠµë‹ˆë‹¤.','/myPage/2',0),
    (98,1,1,'ì§€ë‚˜ê°€ìœ¨testë‹˜ì´ íšŒì›ë‹˜ì„ íŒ”ë¡œìš° í–ˆìŠµë‹ˆë‹¤.','/myPage/2',1),
    (99,1,1,'ì§€ë‚˜ê°€ìœ¨testë‹˜ì´ íšŒì›ë‹˜ì„ íŒ”ë¡œìš° í–ˆìŠµë‹ˆë‹¤.','/myPage/2',1),
    (100,1,1,'ì§€ë‚˜ê°€ìœ¨testë‹˜ì´ íšŒì›ë‹˜ì„ íŒ”ë¡œìš° í–ˆìŠµë‹ˆë‹¤.','/myPage/2',1),
    (101,1,1,'ì§€ë‚˜ê°€ìœ¨testë‹˜ì´ íšŒì›ë‹˜ì„ íŒ”ë¡œìš° í–ˆìŠµë‹ˆë‹¤.','/myPage/2',1),
    (102,1,1,'ì§€ë‚˜ê°€ìœ¨testë‹˜ì´ íšŒì›ë‹˜ì„ íŒ”ë¡œìš° í–ˆìŠµë‹ˆë‹¤.','/myPage/2',1),
    (103,1,1,'ì§€ë‚˜ê°€ìœ¨testë‹˜ì´ íšŒì›ë‹˜ì„ íŒ”ë¡œìš° í–ˆìŠµë‹ˆë‹¤.','/myPage/2',1),
    (104,1,1,'ì§€ë‚˜ê°€ìœ¨testë‹˜ì´ íšŒì›ë‹˜ì„ íŒ”ë¡œìš° í–ˆìŠµë‹ˆë‹¤.','/myPage/2',1),
    (105,1,1,'ì§€ë‚˜ê°€ìœ¨testë‹˜ì´ íšŒì›ë‹˜ì„ íŒ”ë¡œìš° í–ˆìŠµë‹ˆë‹¤.','/myPage/2',1),
    (106,3,1,'ì§€ë‚˜ê°€ìœ¨testë‹˜ì´ íšŒì›ë‹˜ì„ íŒ”ë¡œìš° í–ˆìŠµë‹ˆë‹¤.','/myPage/2',0),
    (107,3,1,'ì§€ë‚˜ê°€ìœ¨testë‹˜ì´ íšŒì›ë‹˜ì„ íŒ”ë¡œìš° í–ˆìŠµë‹ˆë‹¤.','/myPage/2',0),
    (108,4,1,'ì§€ë‚˜ê°€ìœ¨testë‹˜ì´ íšŒì›ë‹˜ì„ íŒ”ë¡œìš° í–ˆìŠµë‹ˆë‹¤.','/myPage/2',1),
    (109,4,1,'ì§€ë‚˜ê°€ìœ¨testë‹˜ì´ íšŒì›ë‹˜ì„ íŒ”ë¡œìš° í–ˆìŠµë‹ˆë‹¤.','/myPage/2',1),
    (110,4,2,'ì§€ë‚˜ê°€ìœ¨testë‹˜ì´ íšŒì›ë‹˜ì˜ ê²Œì‹œê¸€ì„ ì¢‹ì•„í•©ë‹ˆë‹¤.','/board/detail/1/7',1),
    (111,4,1,'íŒ¡íŒŒë ˆë‹˜ì´ íšŒì›ë‹˜ì„ íŒ”ë¡œìš° í–ˆìŠµë‹ˆë‹¤.','/myPage/1',1),
    (112,4,1,'íŒ¡íŒŒë ˆë‹˜ì´ íšŒì›ë‹˜ì„ íŒ”ë¡œìš° í–ˆìŠµë‹ˆë‹¤.','/myPage/1',1),
    (113,4,1,'íŒ¡íŒŒë ˆë‹˜ì´ íšŒì›ë‹˜ì„ íŒ”ë¡œìš° í–ˆìŠµë‹ˆë‹¤.','/myPage/1',1),
    (114,4,2,'ì§€ë‚˜ê°€ìœ¨testë‹˜ì´ íšŒì›ë‹˜ì˜ ê²Œì‹œê¸€ì„ ì¢‹ì•„í•©ë‹ˆë‹¤.','/board/detail/1/4',1),
    (115,4,1,'íŒ¡íŒŒë ˆë‹˜ì´ íšŒì›ë‹˜ì˜ ê²Œì‹œê¸€ì— ëŒ“ê¸€ì„ ë‹¬ì•˜ìŠµë‹ˆë‹¤.','/board/detail/1/7',1),
    (116,1,2,'ì‚°ì¤€ìœ¼ë¡œë‹˜ì´ íšŒì›ë‹˜ì˜ ë°©ëª…ë¡ì— ê¸€ì„ ìž‘ì„±í–ˆìŠµë‹ˆë‹¤.','/guestBook/34',1),
    (117,1,2,'ì‚°ì¤€ìœ¼ë¡œë‹˜ì´ íšŒì›ë‹˜ì˜ ë°©ëª…ë¡ì— ê¸€ì„ ìž‘ì„±í–ˆìŠµë‹ˆë‹¤.','/guestBook/35',1),
    (118,1,2,'ì‚°ì¤€ìœ¼ë¡œë‹˜ì´ íšŒì›ë‹˜ì˜ ë°©ëª…ë¡ì— ê¸€ì„ ìž‘ì„±í–ˆìŠµë‹ˆë‹¤.','/guestBook/1',1),
    (119,1,2,'ì‚°ì¤€ìœ¼ë¡œë‹˜ì´ íšŒì›ë‹˜ì˜ ë°©ëª…ë¡ì— ê¸€ì„ ìž‘ì„±í–ˆìŠµë‹ˆë‹¤.','/guestBook/1',1),
    (120,1,1,'ì‚°ì¤€ìœ¼ë¡œë‹˜ì´ íšŒì›ë‹˜ì„ íŒ”ë¡œìš° í–ˆìŠµë‹ˆë‹¤.','/myPage/5',0),
    (121,1,1,'ì‚°ì¤€ìœ¼ë¡œë‹˜ì´ íšŒì›ë‹˜ì˜ ê²Œì‹œê¸€ì— ëŒ“ê¸€ì„ ë‹¬ì•˜ìŠµë‹ˆë‹¤.','/board/detail/1/22',0),
    (122,5,2,'ì‚°ì¤€ìœ¼ë¡œë‹˜ì´ íšŒì›ë‹˜ì˜ ë°©ëª…ë¡ì— ê¸€ì„ ìž‘ì„±í–ˆìŠµë‹ˆë‹¤.','/guestBook/5',0),
    (123,1,2,'ì‚°ì¤€ìœ¼ë¡œë‹˜ì´ íšŒì›ë‹˜ì˜ ë°©ëª…ë¡ì— ê¸€ì„ ìž‘ì„±í–ˆìŠµë‹ˆë‹¤.','/guestBook/1',0),
    (124,2,1,'í˜¸ë¹µë§¨ë‹˜ì´ íšŒì›ì˜ ë°©ëª…ë¡ ê¸€ì„ ì¢‹ì•„í•©ë‹ˆë‹¤.','/guestBook/0',1),
    (125,2,1,'í˜¸ë¹µë§¨ë‹˜ì´ íšŒì›ì˜ ë°©ëª…ë¡ ê¸€ì„ ì¢‹ì•„í•©ë‹ˆë‹¤.','/guestBook/0',1),
    (126,2,1,'í˜¸ë¹µë§¨ë‹˜ì´ íšŒì›ì˜ ë°©ëª…ë¡ ê¸€ì„ ì¢‹ì•„í•©ë‹ˆë‹¤.','/guestBook/0',1),
    (127,2,1,'í˜¸ë¹µë§¨ë‹˜ì´ íšŒì›ì˜ ë°©ëª…ë¡ ê¸€ì„ ì¢‹ì•„í•©ë‹ˆë‹¤.','/guestBook/0',1),
    (128,2,1,'í˜¸ë¹µë§¨ë‹˜ì´ íšŒì›ì˜ ë°©ëª…ë¡ ê¸€ì„ ì¢‹ì•„í•©ë‹ˆë‹¤.','/guestBook/0',1),
    (129,2,1,'í˜¸ë¹µë§¨ë‹˜ì´ íšŒì›ì˜ ë°©ëª…ë¡ ê¸€ì„ ì¢‹ì•„í•©ë‹ˆë‹¤.','/guestBook/0',1),
    (130,2,1,'í˜¸ë¹µë§¨ë‹˜ì´ íšŒì›ì˜ ë°©ëª…ë¡ ê¸€ì„ ì¢‹ì•„í•©ë‹ˆë‹¤.','/guestBook/0',1),
    (131,2,1,'í˜¸ë¹µë§¨ë‹˜ì´ íšŒì›ì˜ ë°©ëª…ë¡ ê¸€ì„ ì¢‹ì•„í•©ë‹ˆë‹¤.','/guestBook/0',1),
    (132,2,1,'í˜¸ë¹µë§¨ë‹˜ì´ íšŒì›ì˜ ë°©ëª…ë¡ ê¸€ì„ ì¢‹ì•„í•©ë‹ˆë‹¤.','/guestBook/0',1),
    (133,2,1,'í˜¸ë¹µë§¨ë‹˜ì´ íšŒì›ì˜ ë°©ëª…ë¡ ê¸€ì„ ì¢‹ì•„í•©ë‹ˆë‹¤.','/guestBook/0',1),
    (134,2,1,'í˜¸ë¹µë§¨ë‹˜ì´ íšŒì›ì˜ ë°©ëª…ë¡ ê¸€ì„ ì¢‹ì•„í•©ë‹ˆë‹¤.','/guestBook/0',1),
    (135,2,1,'í˜¸ë¹µë§¨ë‹˜ì´ íšŒì›ì˜ ë°©ëª…ë¡ ê¸€ì„ ì¢‹ì•„í•©ë‹ˆë‹¤.','/guestBook/0',1),
    (136,2,1,'í˜¸ë¹µë§¨ë‹˜ì´ íšŒì›ì˜ ë°©ëª…ë¡ ê¸€ì„ ì¢‹ì•„í•©ë‹ˆë‹¤.','/guestBook/0',1),
    (137,1,1,'ì§€ë‚˜ê°€ìœ¨ë‹˜ì´ íšŒì›ì˜ ë°©ëª…ë¡ ê¸€ì„ ì¢‹ì•„í•©ë‹ˆë‹¤.','/guestBook/0',0),
    (138,3,1,'ì§€ë‚˜ê°€ìœ¨ë‹˜ì´ íšŒì›ë‹˜ì˜ ê²Œì‹œê¸€ì— ëŒ“ê¸€ì„ ë‹¬ì•˜ìŠµë‹ˆë‹¤.','/board/detail/1/3',0),
    (139,6,1,'ì—°ê¶ì´ë‹˜ì´ íšŒì›ë‹˜ì˜ ê²Œì‹œê¸€ì— ëŒ“ê¸€ì„ ë‹¬ì•˜ìŠµë‹ˆë‹¤.','/board/detail/1/23',0),
    (140,1,1,'ì—°ê¶ì´ë‹˜ì´ íšŒì›ë‹˜ì˜ ê²Œì‹œê¸€ì— ëŒ“ê¸€ì„ ë‹¬ì•˜ìŠµë‹ˆë‹¤.','/board/detail/1/1',0),
    (141,1,1,'ì—°ê¶ì´ë‹˜ì´ íšŒì›ë‹˜ì˜ ê²Œì‹œê¸€ì— ëŒ“ê¸€ì„ ë‹¬ì•˜ìŠµë‹ˆë‹¤.','/board/detail/1/1',0),
    (142,2,2,'ì§€ë‚˜ê°€ìœ¨ë‹˜ì´ íšŒì›ë‹˜ì˜ ë°©ëª…ë¡ì— ê¸€ì„ ìž‘ì„±í–ˆìŠµë‹ˆë‹¤.','/guestBook/2',1),
    (143,6,2,'ì‚°ì¤€ìœ¼ë¡œë‹˜ì´ íšŒì›ë‹˜ì˜ ê²Œì‹œê¸€ì„ ì¢‹ì•„í•©ë‹ˆë‹¤.','/board/detail/1/23',0),
    (144,6,1,'ì‚°ì¤€ìœ¼ë¡œë‹˜ì´ íšŒì›ë‹˜ì˜ ê²Œì‹œê¸€ì— ëŒ“ê¸€ì„ ë‹¬ì•˜ìŠµë‹ˆë‹¤.','/board/detail/1/23',0),
    (145,2,2,'ì‚°ì¤€ìœ¼ë¡œë‹˜ì´ íšŒì›ë‹˜ì˜ ê²Œì‹œê¸€ì„ ì¢‹ì•„í•©ë‹ˆë‹¤.','/board/detail/1/25',1),
    (146,2,2,'ì—°ê¶ì´ë‹˜ì´ íšŒì›ë‹˜ì˜ ë°©ëª…ë¡ì— ê¸€ì„ ìž‘ì„±í–ˆìŠµë‹ˆë‹¤.','/guestBook/2',1),
    (147,3,2,'ì‚°ì¤€ìœ¼ë¡œë‹˜ì´ íšŒì›ë‹˜ì˜ ê²Œì‹œê¸€ì„ ì¢‹ì•„í•©ë‹ˆë‹¤.','/board/detail/1/3',0),
    (148,2,1,'í˜¸ë¹µë§¨ë‹˜ì´ íšŒì›ë‹˜ì„ íŒ”ë¡œìš° í–ˆìŠµë‹ˆë‹¤.','/myPage/4',1),
    (149,2,2,'í˜¸ë¹µë§¨ë‹˜ì´ íšŒì›ë‹˜ì˜ ê²Œì‹œê¸€ì„ ì¢‹ì•„í•©ë‹ˆë‹¤.','/board/1/25',1),
    (150,2,1,'ì‚°ì¤€ìœ¼ë¡œë‹˜ì´ íšŒì›ë‹˜ì˜ ê²Œì‹œê¸€ì— ëŒ“ê¸€ì„ ë‹¬ì•˜ìŠµë‹ˆë‹¤.','/board/detail/1/25',1),
    (151,2,1,'ì—°ê¶ì´ë‹˜ì´ íšŒì›ë‹˜ì˜ ê²Œì‹œê¸€ì— ëŒ“ê¸€ì„ ë‹¬ì•˜ìŠµë‹ˆë‹¤.','/board/detail/1/25',1),
    (152,2,1,'ì—°ê¶ì´ë‹˜ì´ íšŒì›ë‹˜ì˜ ê²Œì‹œê¸€ì— ëŒ“ê¸€ì„ ë‹¬ì•˜ìŠµë‹ˆë‹¤.','/board/detail/1/2',1),
    (153,2,1,'ì—°ê¶ì´ë‹˜ì´ íšŒì›ë‹˜ì˜ ê²Œì‹œê¸€ì— ëŒ“ê¸€ì„ ë‹¬ì•˜ìŠµë‹ˆë‹¤.','/board/detail/1/2',1),
    (154,2,1,'ì—°ê¶ì´ë‹˜ì´ íšŒì›ë‹˜ì˜ ê²Œì‹œê¸€ì— ëŒ“ê¸€ì„ ë‹¬ì•˜ìŠµë‹ˆë‹¤.','/board/detail/1/2',1),
    (155,2,2,'ì—°ê¶ì´ë‹˜ì´ íšŒì›ë‹˜ì˜ ê²Œì‹œê¸€ì„ ì¢‹ì•„í•©ë‹ˆë‹¤.','/board/detail/1/25',1),
    (156,2,2,'í˜¸ë¹µë§¨ë‹˜ì´ íšŒì›ë‹˜ì˜ ë°©ëª…ë¡ì— ê¸€ì„ ìž‘ì„±í–ˆìŠµë‹ˆë‹¤.','/guestBook/2',1),
    (157,4,2,'ëž˜ì‹œí¬ë“œë‹˜ì´ íšŒì›ë‹˜ì˜ ê²Œì‹œê¸€ì„ ì¢‹ì•„í•©ë‹ˆë‹¤.','/board/detail/1/4',1),
    (158,4,2,'íŒ¡íŒŒë ˆë‹˜ì´ íšŒì›ë‹˜ì˜ ê²Œì‹œê¸€ì„ ì¢‹ì•„í•©ë‹ˆë‹¤.','/board/1/4',1),
    (159,4,1,'ì‚°ì¤€ìœ¼ë¡œë‹˜ì´ íšŒì›ë‹˜ì˜ ê²Œì‹œê¸€ì— ëŒ“ê¸€ì„ ë‹¬ì•˜ìŠµë‹ˆë‹¤.','/board/detail/1/4',1),
    (160,4,2,'ì‚°ì¤€ìœ¼ë¡œë‹˜ì´ íšŒì›ë‹˜ì˜ ê²Œì‹œê¸€ì„ ì¢‹ì•„í•©ë‹ˆë‹¤.','/board/detail/1/4',1),
    (161,4,1,'íŒ¡íŒŒë ˆë‹˜ì´ íšŒì›ë‹˜ì˜ ê²Œì‹œê¸€ì— ëŒ“ê¸€ì„ ë‹¬ì•˜ìŠµë‹ˆë‹¤.','/board/detail/1/4',1),
    (162,4,1,'ëž˜ì‹œí¬ë“œë‹˜ì´ íšŒì›ë‹˜ì˜ ê²Œì‹œê¸€ì— ëŒ“ê¸€ì„ ë‹¬ì•˜ìŠµë‹ˆë‹¤.','/board/detail/1/4',1),
    (163,4,1,'ì§€ë‚˜ê°€ìœ¨ë‹˜ì´ íšŒì›ì˜ ë°©ëª…ë¡ ê¸€ì„ ì¢‹ì•„í•©ë‹ˆë‹¤.','/guestBook/0',1),
    (164,2,2,'ì‚°ì¤€ìœ¼ë¡œë‹˜ì´ íšŒì›ë‹˜ì˜ ê²Œì‹œê¸€ì„ ì¢‹ì•„í•©ë‹ˆë‹¤.','/board/detail/1/2',1),
    (165,4,1,'ì§€ë‚˜ê°€ìœ¨ë‹˜ì´ íšŒì›ì˜ ë°©ëª…ë¡ ê¸€ì„ ì¢‹ì•„í•©ë‹ˆë‹¤.','/guestBook/0',1),
    (166,4,1,'ì§€ë‚˜ê°€ìœ¨ë‹˜ì´ íšŒì›ì˜ ë°©ëª…ë¡ ê¸€ì„ ì¢‹ì•„í•©ë‹ˆë‹¤.','/guestBook/0',1),
    (167,4,1,'ì§€ë‚˜ê°€ìœ¨ë‹˜ì´ íšŒì›ì˜ ë°©ëª…ë¡ ê¸€ì„ ì¢‹ì•„í•©ë‹ˆë‹¤.','/guestBook/0',1),
    (168,4,1,'ì§€ë‚˜ê°€ìœ¨ë‹˜ì´ íšŒì›ì˜ ë°©ëª…ë¡ ê¸€ì„ ì¢‹ì•„í•©ë‹ˆë‹¤.','/guestBook/0',1),
    (169,4,1,'ì§€ë‚˜ê°€ìœ¨ë‹˜ì´ íšŒì›ì˜ ë°©ëª…ë¡ ê¸€ì„ ì¢‹ì•„í•©ë‹ˆë‹¤.','/guestBook/0',1),
    (170,4,1,'ì§€ë‚˜ê°€ìœ¨ë‹˜ì´ íšŒì›ì˜ ë°©ëª…ë¡ ê¸€ì„ ì¢‹ì•„í•©ë‹ˆë‹¤.','/guestBook/0',1),
    (171,4,1,'ì§€ë‚˜ê°€ìœ¨ë‹˜ì´ íšŒì›ì˜ ë°©ëª…ë¡ ê¸€ì„ ì¢‹ì•„í•©ë‹ˆë‹¤.','/guestBook/0',1),
    (172,4,1,'ì§€ë‚˜ê°€ìœ¨ë‹˜ì´ íšŒì›ì˜ ë°©ëª…ë¡ ê¸€ì„ ì¢‹ì•„í•©ë‹ˆë‹¤.','/guestBook/0',1),
    (173,4,1,'ì§€ë‚˜ê°€ìœ¨ë‹˜ì´ íšŒì›ì˜ ë°©ëª…ë¡ ê¸€ì„ ì¢‹ì•„í•©ë‹ˆë‹¤.','/guestBook/0',1),
    (174,4,1,'ì§€ë‚˜ê°€ìœ¨ë‹˜ì´ íšŒì›ì˜ ë°©ëª…ë¡ ê¸€ì„ ì¢‹ì•„í•©ë‹ˆë‹¤.','/guestBook/0',1),
    (175,4,1,'ì§€ë‚˜ê°€ìœ¨ë‹˜ì´ íšŒì›ì˜ ë°©ëª…ë¡ ê¸€ì„ ì¢‹ì•„í•©ë‹ˆë‹¤.','/guestBook/0',1),
    (176,4,1,'ì§€ë‚˜ê°€ìœ¨ë‹˜ì´ íšŒì›ì˜ ë°©ëª…ë¡ ê¸€ì„ ì¢‹ì•„í•©ë‹ˆë‹¤.','/guestBook/0',1),
    (177,4,1,'ì§€ë‚˜ê°€ìœ¨ë‹˜ì´ íšŒì›ì˜ ë°©ëª…ë¡ ê¸€ì„ ì¢‹ì•„í•©ë‹ˆë‹¤.','/guestBook/0',1),
    (178,4,1,'ì§€ë‚˜ê°€ìœ¨ë‹˜ì´ íšŒì›ì˜ ë°©ëª…ë¡ ê¸€ì„ ì¢‹ì•„í•©ë‹ˆë‹¤.','/guestBook/0',1),
    (179,4,1,'ì§€ë‚˜ê°€ìœ¨ë‹˜ì´ íšŒì›ì˜ ë°©ëª…ë¡ ê¸€ì„ ì¢‹ì•„í•©ë‹ˆë‹¤.','/guestBook/0',1),
    (180,4,1,'ì§€ë‚˜ê°€ìœ¨ë‹˜ì´ íšŒì›ì˜ ë°©ëª…ë¡ ê¸€ì„ ì¢‹ì•„í•©ë‹ˆë‹¤.','/guestBook/0',1),
    (181,4,1,'ì§€ë‚˜ê°€ìœ¨ë‹˜ì´ íšŒì›ì˜ ë°©ëª…ë¡ ê¸€ì„ ì¢‹ì•„í•©ë‹ˆë‹¤.','/guestBook/0',1),
    (182,4,1,'ì§€ë‚˜ê°€ìœ¨ë‹˜ì´ íšŒì›ì˜ ë°©ëª…ë¡ ê¸€ì„ ì¢‹ì•„í•©ë‹ˆë‹¤.','/guestBook/0',1),
    (183,4,1,'ì§€ë‚˜ê°€ìœ¨ë‹˜ì´ íšŒì›ì˜ ë°©ëª…ë¡ ê¸€ì„ ì¢‹ì•„í•©ë‹ˆë‹¤.','/guestBook/0',1),
    (184,4,1,'ì§€ë‚˜ê°€ìœ¨ë‹˜ì´ íšŒì›ì˜ ë°©ëª…ë¡ ê¸€ì„ ì¢‹ì•„í•©ë‹ˆë‹¤.','/guestBook/0',1),
    (185,4,1,'ì§€ë‚˜ê°€ìœ¨ë‹˜ì´ íšŒì›ì˜ ë°©ëª…ë¡ ê¸€ì„ ì¢‹ì•„í•©ë‹ˆë‹¤.','/guestBook/0',1),
    (186,4,1,'ì§€ë‚˜ê°€ìœ¨ë‹˜ì´ íšŒì›ì˜ ë°©ëª…ë¡ ê¸€ì„ ì¢‹ì•„í•©ë‹ˆë‹¤.','/guestBook/0',1),
    (187,4,1,'ì§€ë‚˜ê°€ìœ¨ë‹˜ì´ íšŒì›ì˜ ë°©ëª…ë¡ ê¸€ì„ ì¢‹ì•„í•©ë‹ˆë‹¤.','/guestBook/0',1),
    (188,4,1,'ì§€ë‚˜ê°€ìœ¨ë‹˜ì´ íšŒì›ì˜ ë°©ëª…ë¡ ê¸€ì„ ì¢‹ì•„í•©ë‹ˆë‹¤.','/guestBook/0',1),
    (189,4,1,'ì§€ë‚˜ê°€ìœ¨ë‹˜ì´ íšŒì›ì˜ ë°©ëª…ë¡ ê¸€ì„ ì¢‹ì•„í•©ë‹ˆë‹¤.','/guestBook/0',1),
    (190,4,1,'ì§€ë‚˜ê°€ìœ¨ë‹˜ì´ íšŒì›ì˜ ë°©ëª…ë¡ ê¸€ì„ ì¢‹ì•„í•©ë‹ˆë‹¤.','/guestBook/0',1),
    (191,4,1,'ì§€ë‚˜ê°€ìœ¨ë‹˜ì´ íšŒì›ì˜ ë°©ëª…ë¡ ê¸€ì„ ì¢‹ì•„í•©ë‹ˆë‹¤.','/guestBook/0',1),
    (192,4,1,'ì§€ë‚˜ê°€ìœ¨ë‹˜ì´ íšŒì›ì˜ ë°©ëª…ë¡ ê¸€ì„ ì¢‹ì•„í•©ë‹ˆë‹¤.','/guestBook/0',1),
    (193,4,1,'ì§€ë‚˜ê°€ìœ¨ë‹˜ì´ íšŒì›ì˜ ë°©ëª…ë¡ ê¸€ì„ ì¢‹ì•„í•©ë‹ˆë‹¤.','/guestBook/0',1),
    (194,4,1,'ì§€ë‚˜ê°€ìœ¨ë‹˜ì´ íšŒì›ì˜ ë°©ëª…ë¡ ê¸€ì„ ì¢‹ì•„í•©ë‹ˆë‹¤.','/guestBook/0',1),
    (195,4,1,'ì§€ë‚˜ê°€ìœ¨ë‹˜ì´ íšŒì›ì˜ ë°©ëª…ë¡ ê¸€ì„ ì¢‹ì•„í•©ë‹ˆë‹¤.','/guestBook/0',1),
    (196,4,1,'ì§€ë‚˜ê°€ìœ¨ë‹˜ì´ íšŒì›ì˜ ë°©ëª…ë¡ ê¸€ì„ ì¢‹ì•„í•©ë‹ˆë‹¤.','/guestBook/0',1),
    (197,4,1,'ì§€ë‚˜ê°€ìœ¨ë‹˜ì´ íšŒì›ì˜ ë°©ëª…ë¡ ê¸€ì„ ì¢‹ì•„í•©ë‹ˆë‹¤.','/guestBook/0',1),
    (198,4,1,'ì§€ë‚˜ê°€ìœ¨ë‹˜ì´ íšŒì›ì˜ ë°©ëª…ë¡ ê¸€ì„ ì¢‹ì•„í•©ë‹ˆë‹¤.','/guestBook/0',1),
    (199,4,1,'ì§€ë‚˜ê°€ìœ¨ë‹˜ì´ íšŒì›ì˜ ë°©ëª…ë¡ ê¸€ì„ ì¢‹ì•„í•©ë‹ˆë‹¤.','/guestBook/0',1),
    (200,4,1,'ì§€ë‚˜ê°€ìœ¨ë‹˜ì´ íšŒì›ì˜ ë°©ëª…ë¡ ê¸€ì„ ì¢‹ì•„í•©ë‹ˆë‹¤.','/guestBook/0',1),
    (201,4,1,'ì§€ë‚˜ê°€ìœ¨ë‹˜ì´ íšŒì›ì˜ ë°©ëª…ë¡ ê¸€ì„ ì¢‹ì•„í•©ë‹ˆë‹¤.','/guestBook/0',1),
    (202,4,1,'ì§€ë‚˜ê°€ìœ¨ë‹˜ì´ íšŒì›ì˜ ë°©ëª…ë¡ ê¸€ì„ ì¢‹ì•„í•©ë‹ˆë‹¤.','/guestBook/0',1),
    (203,4,1,'ì§€ë‚˜ê°€ìœ¨ë‹˜ì´ íšŒì›ì˜ ë°©ëª…ë¡ ê¸€ì„ ì¢‹ì•„í•©ë‹ˆë‹¤.','/guestBook/0',1),
    (204,4,1,'ì§€ë‚˜ê°€ìœ¨ë‹˜ì´ íšŒì›ì˜ ë°©ëª…ë¡ ê¸€ì„ ì¢‹ì•„í•©ë‹ˆë‹¤.','/guestBook/0',1),
    (205,4,1,'ì§€ë‚˜ê°€ìœ¨ë‹˜ì´ íšŒì›ì˜ ë°©ëª…ë¡ ê¸€ì„ ì¢‹ì•„í•©ë‹ˆë‹¤.','/guestBook/0',1),
    (206,4,1,'ì§€ë‚˜ê°€ìœ¨ë‹˜ì´ íšŒì›ì˜ ë°©ëª…ë¡ ê¸€ì„ ì¢‹ì•„í•©ë‹ˆë‹¤.','/guestBook/0',1),
    (207,4,1,'ì§€ë‚˜ê°€ìœ¨ë‹˜ì´ íšŒì›ì˜ ë°©ëª…ë¡ ê¸€ì„ ì¢‹ì•„í•©ë‹ˆë‹¤.','/guestBook/0',1),
    (208,4,1,'ì§€ë‚˜ê°€ìœ¨ë‹˜ì´ íšŒì›ì˜ ë°©ëª…ë¡ ê¸€ì„ ì¢‹ì•„í•©ë‹ˆë‹¤.','/guestBook/0',1),
    (209,4,1,'ì§€ë‚˜ê°€ìœ¨ë‹˜ì´ íšŒì›ì˜ ë°©ëª…ë¡ ê¸€ì„ ì¢‹ì•„í•©ë‹ˆë‹¤.','/guestBook/0',1),
    (210,4,1,'ì§€ë‚˜ê°€ìœ¨ë‹˜ì´ íšŒì›ì˜ ë°©ëª…ë¡ ê¸€ì„ ì¢‹ì•„í•©ë‹ˆë‹¤.','/guestBook/0',1),
    (211,4,1,'ì§€ë‚˜ê°€ìœ¨ë‹˜ì´ íšŒì›ì˜ ë°©ëª…ë¡ ê¸€ì„ ì¢‹ì•„í•©ë‹ˆë‹¤.','/guestBook/0',1),
    (212,3,2,'í˜¸ë¹µë§¨ë‹˜ì´ íšŒì›ë‹˜ì˜ ë°©ëª…ë¡ì— ê¸€ì„ ìž‘ì„±í–ˆìŠµë‹ˆë‹¤.','/guestBook/3',0),
    (213,2,2,'í˜¸ë¹µë§¨ë‹˜ì´ íšŒì›ë‹˜ì˜ ê²Œì‹œê¸€ì„ ì¢‹ì•„í•©ë‹ˆë‹¤.','/board/detail/1/27',1),
    (214,3,1,'í˜¸ë¹µë§¨ë‹˜ì´ íšŒì›ë‹˜ì˜ ê²Œì‹œê¸€ì— ëŒ“ê¸€ì„ ë‹¬ì•˜ìŠµë‹ˆë‹¤.','/board/detail/1/3',0),
    (215,3,2,'í˜¸ë¹µë§¨ë‹˜ì´ íšŒì›ë‹˜ì˜ ê²Œì‹œê¸€ì„ ì¢‹ì•„í•©ë‹ˆë‹¤.','/board/detail/1/3',0),
    (216,4,2,'í˜¸ë¹µë§¨ë‹˜ì´ íšŒì›ë‹˜ì˜ ë°©ëª…ë¡ì— ê¸€ì„ ìž‘ì„±í–ˆìŠµë‹ˆë‹¤.','/guestBook/4',1),
    (217,2,1,'í˜¸ë¹µë§¨ë‹˜ì´ íšŒì›ë‹˜ì˜ ê²Œì‹œê¸€ì— ëŒ“ê¸€ì„ ë‹¬ì•˜ìŠµë‹ˆë‹¤.','/board/detail/1/27',1),
    (218,10,2,'í˜¸ë¹µë§¨ë‹˜ì´ íšŒì›ë‹˜ì˜ ë°©ëª…ë¡ì— ê¸€ì„ ìž‘ì„±í–ˆìŠµë‹ˆë‹¤.','/guestBook/10',0),
    (219,5,1,'í˜¸ë¹µë§¨ë‹˜ì´ íšŒì›ë‹˜ì˜ ê²Œì‹œê¸€ì— ëŒ“ê¸€ì„ ë‹¬ì•˜ìŠµë‹ˆë‹¤.','/board/detail/1/24',0),
    (220,2,2,'íŒ¡íŒŒë ˆë‹˜ì´ íšŒì›ë‹˜ì˜ ê²Œì‹œê¸€ì„ ì¢‹ì•„í•©ë‹ˆë‹¤.','/board/1/30',1),
    (221,4,2,'íŒ¡íŒŒë ˆë‹˜ì´ íšŒì›ë‹˜ì˜ ê²Œì‹œê¸€ì„ ì¢‹ì•„í•©ë‹ˆë‹¤.','/board/1/29',1),
    (222,4,2,'íŒ¡íŒŒë ˆë‹˜ì´ íšŒì›ë‹˜ì˜ ê²Œì‹œê¸€ì„ ì¢‹ì•„í•©ë‹ˆë‹¤.','/board/1/28',1),
    (223,1,2,'ì§€ë‚˜ê°€ìœ¨ë‹˜ì´ íšŒì›ë‹˜ì˜ ê²Œì‹œê¸€ì„ ì¢‹ì•„í•©ë‹ˆë‹¤.','/board/1/1',0),
    (224,4,2,'ì§€ë‚˜ê°€ìœ¨ë‹˜ì´ íšŒì›ë‹˜ì˜ ê²Œì‹œê¸€ì„ ì¢‹ì•„í•©ë‹ˆë‹¤.','/board/1/29',1),
    (225,4,2,'ì§€ë‚˜ê°€ìœ¨ë‹˜ì´ íšŒì›ë‹˜ì˜ ê²Œì‹œê¸€ì„ ì¢‹ì•„í•©ë‹ˆë‹¤.','/board/1/28',1),
    (226,5,2,'ì§€ë‚˜ê°€ìœ¨ë‹˜ì´ íšŒì›ë‹˜ì˜ ê²Œì‹œê¸€ì„ ì¢‹ì•„í•©ë‹ˆë‹¤.','/board/1/26',0),
    (227,5,2,'ì§€ë‚˜ê°€ìœ¨ë‹˜ì´ íšŒì›ë‹˜ì˜ ê²Œì‹œê¸€ì„ ì¢‹ì•„í•©ë‹ˆë‹¤.','/board/1/24',0),
    (228,6,2,'ì§€ë‚˜ê°€ìœ¨ë‹˜ì´ íšŒì›ë‹˜ì˜ ê²Œì‹œê¸€ì„ ì¢‹ì•„í•©ë‹ˆë‹¤.','/board/1/23',0),
    (229,2,1,'ì‚°ì¤€ìœ¼ë¡œë‹˜ì´ íšŒì›ë‹˜ì„ íŒ”ë¡œìš° í–ˆìŠµë‹ˆë‹¤.','/myPage/5',1),
    (230,4,1,'ì§€ë‚˜ê°€ìœ¨ë‹˜ì´ íšŒì›ì˜ ë°©ëª…ë¡ ê¸€ì„ ì¢‹ì•„í•©ë‹ˆë‹¤.','/guestBook/0',1),
    (231,4,1,'ì§€ë‚˜ê°€ìœ¨ë‹˜ì´ íšŒì›ì˜ ë°©ëª…ë¡ ê¸€ì„ ì¢‹ì•„í•©ë‹ˆë‹¤.','/guestBook/0',1),
    (232,2,2,'íŒ¡íŒŒë ˆë‹˜ì´ íšŒì›ë‹˜ì˜ ê²Œì‹œê¸€ì„ ì¢‹ì•„í•©ë‹ˆë‹¤.','/board/1/33',1),
    (233,2,2,'íŒ¡íŒŒë ˆë‹˜ì´ íšŒì›ë‹˜ì˜ ê²Œì‹œê¸€ì„ ì¢‹ì•„í•©ë‹ˆë‹¤.','/board/1/32',1),
    (234,2,2,'íŒ¡íŒŒë ˆë‹˜ì´ íšŒì›ë‹˜ì˜ ê²Œì‹œê¸€ì„ ì¢‹ì•„í•©ë‹ˆë‹¤.','/board/1/31',1),
    (235,2,2,'í˜¸ë¹µë§¨ë‹˜ì´ íšŒì›ë‹˜ì˜ ê²Œì‹œê¸€ì„ ì¢‹ì•„í•©ë‹ˆë‹¤.','/board/1/33',1),
    (236,2,2,'í˜¸ë¹µë§¨ë‹˜ì´ íšŒì›ë‹˜ì˜ ê²Œì‹œê¸€ì„ ì¢‹ì•„í•©ë‹ˆë‹¤.','/board/1/32',1),
    (237,2,2,'í˜¸ë¹µë§¨ë‹˜ì´ íšŒì›ë‹˜ì˜ ê²Œì‹œê¸€ì„ ì¢‹ì•„í•©ë‹ˆë‹¤.','/board/1/31',1),
    (238,2,2,'í˜¸ë¹µë§¨ë‹˜ì´ íšŒì›ë‹˜ì˜ ê²Œì‹œê¸€ì„ ì¢‹ì•„í•©ë‹ˆë‹¤.','/board/1/30',1),
    (239,2,1,'íŒ¡íŒŒë ˆë‹˜ì´ íšŒì›ë‹˜ì˜ ê²Œì‹œê¸€ì— ëŒ“ê¸€ì„ ë‹¬ì•˜ìŠµë‹ˆë‹¤.','/board/detail/1/33',1),
    (240,2,2,'ì—°ê¶ì´ë‹˜ì´ íšŒì›ë‹˜ì˜ ê²Œì‹œê¸€ì„ ì¢‹ì•„í•©ë‹ˆë‹¤.','/board/detail/1/33',1),
    (241,2,2,'ì—°ê¶ì´ë‹˜ì´ íšŒì›ë‹˜ì˜ ê²Œì‹œê¸€ì„ ì¢‹ì•„í•©ë‹ˆë‹¤.','/board/detail/1/32',1),
    (242,2,2,'ì—°ê¶ì´ë‹˜ì´ íšŒì›ë‹˜ì˜ ê²Œì‹œê¸€ì„ ì¢‹ì•„í•©ë‹ˆë‹¤.','/board/detail/1/31',1),
    (243,2,2,'ì—°ê¶ì´ë‹˜ì´ íšŒì›ë‹˜ì˜ ê²Œì‹œê¸€ì„ ì¢‹ì•„í•©ë‹ˆë‹¤.','/board/detail/1/30',1),
    (244,5,1,'íŒ¡íŒŒë ˆë‹˜ì´ íšŒì›ì˜ ë°©ëª…ë¡ ê¸€ì„ ì¢‹ì•„í•©ë‹ˆë‹¤.','/guestBook/0',0),
    (245,5,1,'íŒ¡íŒŒë ˆë‹˜ì´ íšŒì›ì˜ ë°©ëª…ë¡ ê¸€ì„ ì¢‹ì•„í•©ë‹ˆë‹¤.','/guestBook/0',0),
    (246,5,1,'íŒ¡íŒŒë ˆë‹˜ì´ íšŒì›ì˜ ë°©ëª…ë¡ ê¸€ì„ ì¢‹ì•„í•©ë‹ˆë‹¤.','/guestBook/0',0),
    (247,5,1,'íŒ¡íŒŒë ˆë‹˜ì´ íšŒì›ì˜ ë°©ëª…ë¡ ê¸€ì„ ì¢‹ì•„í•©ë‹ˆë‹¤.','/guestBook/0',0),
    (248,5,1,'íŒ¡íŒŒë ˆë‹˜ì´ íšŒì›ì˜ ë°©ëª…ë¡ ê¸€ì„ ì¢‹ì•„í•©ë‹ˆë‹¤.','/guestBook/0',0),
    (249,5,1,'íŒ¡íŒŒë ˆë‹˜ì´ íšŒì›ì˜ ë°©ëª…ë¡ ê¸€ì„ ì¢‹ì•„í•©ë‹ˆë‹¤.','/guestBook/0',0),
    (250,5,1,'íŒ¡íŒŒë ˆë‹˜ì´ íšŒì›ì˜ ë°©ëª…ë¡ ê¸€ì„ ì¢‹ì•„í•©ë‹ˆë‹¤.','/guestBook/0',0),
    (251,5,1,'íŒ¡íŒŒë ˆë‹˜ì´ íšŒì›ì˜ ë°©ëª…ë¡ ê¸€ì„ ì¢‹ì•„í•©ë‹ˆë‹¤.','/guestBook/0',0),
    (252,5,1,'íŒ¡íŒŒë ˆë‹˜ì´ íšŒì›ì˜ ë°©ëª…ë¡ ê¸€ì„ ì¢‹ì•„í•©ë‹ˆë‹¤.','/guestBook/0',0),
    (253,5,1,'íŒ¡íŒŒë ˆë‹˜ì´ íšŒì›ì˜ ë°©ëª…ë¡ ê¸€ì„ ì¢‹ì•„í•©ë‹ˆë‹¤.','/guestBook/0',0),
    (254,5,1,'íŒ¡íŒŒë ˆë‹˜ì´ íšŒì›ì˜ ë°©ëª…ë¡ ê¸€ì„ ì¢‹ì•„í•©ë‹ˆë‹¤.','/guestBook/0',0),
    (255,1,1,'ì§€ë‚˜ê°€ìœ¨ë‹˜ì´ íšŒì›ì˜ ë°©ëª…ë¡ ê¸€ì„ ì¢‹ì•„í•©ë‹ˆë‹¤.','/guestBook/0',0),
    (256,1,1,'ì§€ë‚˜ê°€ìœ¨ë‹˜ì´ íšŒì›ì˜ ë°©ëª…ë¡ ê¸€ì„ ì¢‹ì•„í•©ë‹ˆë‹¤.','/guestBook/0',0),
    (257,4,1,'ì§€ë‚˜ê°€ìœ¨ë‹˜ì´ íšŒì›ì˜ ë°©ëª…ë¡ ê¸€ì„ ì¢‹ì•„í•©ë‹ˆë‹¤.','/guestBook/0',1),
    (258,5,1,'íŒ¡íŒŒë ˆë‹˜ì´ íšŒì›ì˜ ë°©ëª…ë¡ ê¸€ì„ ì¢‹ì•„í•©ë‹ˆë‹¤.','/guestBook/0',0),
    (259,4,1,'ì—°ê¶ì´ë‹˜ì´ íšŒì›ì˜ ë°©ëª…ë¡ ê¸€ì„ ì¢‹ì•„í•©ë‹ˆë‹¤.','/guestBook/0',1),
    (260,4,1,'ì§€ë‚˜ê°€ìœ¨ë‹˜ì´ íšŒì›ì˜ ë°©ëª…ë¡ ê¸€ì„ ì¢‹ì•„í•©ë‹ˆë‹¤.','/guestBook/0',1),
    (261,1,1,'ì§€ë‚˜ê°€ìœ¨ë‹˜ì´ íšŒì›ì˜ ë°©ëª…ë¡ ê¸€ì„ ì¢‹ì•„í•©ë‹ˆë‹¤.','/guestBook/0',0),
    (262,4,1,'ì§€ë‚˜ê°€ìœ¨ë‹˜ì´ íšŒì›ì˜ ë°©ëª…ë¡ ê¸€ì„ ì¢‹ì•„í•©ë‹ˆë‹¤.','/guestBook/0',1),
    (263,1,1,'ì§€ë‚˜ê°€ìœ¨ë‹˜ì´ íšŒì›ì˜ ë°©ëª…ë¡ ê¸€ì„ ì¢‹ì•„í•©ë‹ˆë‹¤.','/guestBook/0',0),
    (264,2,1,'í˜¸ë¹µë§¨ë‹˜ì´ íšŒì›ë‹˜ì˜ ê²Œì‹œê¸€ì— ëŒ“ê¸€ì„ ë‹¬ì•˜ìŠµë‹ˆë‹¤.','/board/detail/1/34',1),
    (265,2,1,'í˜¸ë¹µë§¨ë‹˜ì´ íšŒì›ë‹˜ì˜ ê²Œì‹œê¸€ì— ëŒ“ê¸€ì„ ë‹¬ì•˜ìŠµë‹ˆë‹¤.','/board/detail/1/33',1),
    (266,2,2,'í˜¸ë¹µë§¨ë‹˜ì´ íšŒì›ë‹˜ì˜ ê²Œì‹œê¸€ì„ ì¢‹ì•„í•©ë‹ˆë‹¤.','/board/detail/1/34',1),
    (267,4,1,'ì§€ë‚˜ê°€ìœ¨ë‹˜ì´ íšŒì›ì˜ ë°©ëª…ë¡ ê¸€ì„ ì¢‹ì•„í•©ë‹ˆë‹¤.','/guestBook/0',1),
    (268,4,1,'ì§€ë‚˜ê°€ìœ¨ë‹˜ì´ íšŒì›ì˜ ë°©ëª…ë¡ ê¸€ì„ ì¢‹ì•„í•©ë‹ˆë‹¤.','/guestBook/0',1),
    (269,2,1,'ì—°ìˆ˜ë‹˜ì´ íšŒì›ë‹˜ì„ íŒ”ë¡œìš° í–ˆìŠµë‹ˆë‹¤.','/myPage/15',1),
    (270,2,2,'ì—°ìˆ˜ë‹˜ì´ íšŒì›ë‹˜ì˜ ë°©ëª…ë¡ì— ê¸€ì„ ìž‘ì„±í–ˆìŠµë‹ˆë‹¤.','/guestBook/2',1),
    (271,4,1,'ì—°ìˆ˜ë‹˜ì´ íšŒì›ì˜ ë°©ëª…ë¡ ê¸€ì„ ì¢‹ì•„í•©ë‹ˆë‹¤.','/guestBook/0',1),
    (272,2,1,'ì—°ìˆ˜ë‹˜ì´ íšŒì›ë‹˜ì„ íŒ”ë¡œìš° í–ˆìŠµë‹ˆë‹¤.','/myPage/17',1),
    (273,2,2,'ì—°ìˆ˜ë‹˜ì´ íšŒì›ë‹˜ì˜ ë°©ëª…ë¡ì— ê¸€ì„ ìž‘ì„±í–ˆìŠµë‹ˆë‹¤.','/guestBook/2',1),
    (274,4,1,'ì—°ìˆ˜ë‹˜ì´ íšŒì›ì˜ ë°©ëª…ë¡ ê¸€ì„ ì¢‹ì•„í•©ë‹ˆë‹¤.','/guestBook/0',1),
    (275,2,1,'ì—°ìˆ˜ë‹˜ì´ íšŒì›ë‹˜ì˜ ê²Œì‹œê¸€ì— ëŒ“ê¸€ì„ ë‹¬ì•˜ìŠµë‹ˆë‹¤.','/board/detail/1/34',1),
    (276,2,2,'ì—°ìˆ˜ë‹˜ì´ íšŒì›ë‹˜ì˜ ê²Œì‹œê¸€ì„ ì¢‹ì•„í•©ë‹ˆë‹¤.','/board/detail/1/34',1),
    (279,2,2,'í˜¸ë¹µë§¨ë‹˜ì´ íšŒì›ë‹˜ì˜ ë°©ëª…ë¡ì— ê¸€ì„ ìž‘ì„±í–ˆìŠµë‹ˆë‹¤.','/guestBook/2',1),
    (280,4,1,'ì—°ìˆ˜ë‹¤ì•„ë‹˜ì´ íšŒì›ì˜ ë°©ëª…ë¡ ê¸€ì„ ì¢‹ì•„í•©ë‹ˆë‹¤.','/guestBook/0',1),
    (281,2,2,'ëž˜ì‹œí¬ë“œë‹˜ì´ íšŒì›ë‹˜ì˜ ë°©ëª…ë¡ì— ê¸€ì„ ìž‘ì„±í–ˆìŠµë‹ˆë‹¤.','/guestBook/2',1),
    (282,4,2,'í˜¸ë¹µë§¨ë‹˜ì´ íšŒì›ë‹˜ì˜ ë°©ëª…ë¡ì— ê¸€ì„ ìž‘ì„±í–ˆìŠµë‹ˆë‹¤.','/guestBook/4',1),
    (283,2,2,'ì‚°ì¤€ìœ¼ë¡œë‹˜ì´ íšŒì›ë‹˜ì˜ ë°©ëª…ë¡ì— ê¸€ì„ ìž‘ì„±í–ˆìŠµë‹ˆë‹¤.','/guestBook/2',1),
    (284,2,1,'í˜¸ë¹µë§¨ë‹˜ì´ íšŒì›ë‹˜ì˜ ê²Œì‹œê¸€ì— ëŒ“ê¸€ì„ ë‹¬ì•˜ìŠµë‹ˆë‹¤.','/board/detail/1/30',1),
    (285,2,2,'ëž˜ì‹œí¬ë“œë‹˜ì´ íšŒì›ë‹˜ì˜ ë°©ëª…ë¡ì— ê¸€ì„ ìž‘ì„±í–ˆìŠµë‹ˆë‹¤.','/guestBook/2',1),
    (286,2,2,'ì‚°ì¤€ìœ¼ë¡œë‹˜ì´ íšŒì›ë‹˜ì˜ ë°©ëª…ë¡ì— ê¸€ì„ ìž‘ì„±í–ˆìŠµë‹ˆë‹¤.','/guestBook/2',1),
    (287,2,1,'í˜¸ë¹µë§¨ë‹˜ì´ íšŒì›ë‹˜ì˜ ê²Œì‹œê¸€ì— ëŒ“ê¸€ì„ ë‹¬ì•˜ìŠµë‹ˆë‹¤.','/board/detail/1/31',1),
    (288,2,1,'í˜¸ë¹µë§¨ë‹˜ì´ íšŒì›ë‹˜ì˜ ê²Œì‹œê¸€ì— ëŒ“ê¸€ì„ ë‹¬ì•˜ìŠµë‹ˆë‹¤.','/board/detail/1/32',1),
    (289,2,1,'ì‚°ì¤€ìœ¼ë¡œë‹˜ì´ íšŒì›ë‹˜ì˜ ê²Œì‹œê¸€ì— ëŒ“ê¸€ì„ ë‹¬ì•˜ìŠµë‹ˆë‹¤.','/board/detail/1/34',1),
    (290,2,2,'íŒ¡íŒŒë ˆë‹˜ì´ íšŒì›ë‹˜ì˜ ë°©ëª…ë¡ì— ê¸€ì„ ìž‘ì„±í–ˆìŠµë‹ˆë‹¤.','/guestBook/2',1),
    (291,2,1,'ì‚°ì¤€ìœ¼ë¡œë‹˜ì´ íšŒì›ë‹˜ì˜ ê²Œì‹œê¸€ì— ëŒ“ê¸€ì„ ë‹¬ì•˜ìŠµë‹ˆë‹¤.','/board/detail/1/32',1),
    (292,2,1,'ì‚°ì¤€ìœ¼ë¡œë‹˜ì´ íšŒì›ë‹˜ì˜ ê²Œì‹œê¸€ì— ëŒ“ê¸€ì„ ë‹¬ì•˜ìŠµë‹ˆë‹¤.','/board/detail/1/31',1),
    (293,2,1,'ì‚°ì¤€ìœ¼ë¡œë‹˜ì´ íšŒì›ë‹˜ì˜ ê²Œì‹œê¸€ì— ëŒ“ê¸€ì„ ë‹¬ì•˜ìŠµë‹ˆë‹¤.','/board/detail/1/30',1),
    (294,2,2,'ì‚°ì¤€ìœ¼ë¡œë‹˜ì´ íšŒì›ë‹˜ì˜ ë°©ëª…ë¡ì— ê¸€ì„ ìž‘ì„±í–ˆìŠµë‹ˆë‹¤.','/guestBook/2',1),
    (295,2,1,'ì‚°ì¤€ìœ¼ë¡œë‹˜ì´ íšŒì›ë‹˜ì˜ ê²Œì‹œê¸€ì— ëŒ“ê¸€ì„ ë‹¬ì•˜ìŠµë‹ˆë‹¤.','/board/detail/1/27',1),
    (296,2,2,'ëž˜ì‹œí¬ë“œë‹˜ì´ íšŒì›ë‹˜ì˜ ê²Œì‹œê¸€ì„ ì¢‹ì•„í•©ë‹ˆë‹¤.','/board/detail/1/33',1),
    (297,2,2,'ëž˜ì‹œí¬ë“œë‹˜ì´ íšŒì›ë‹˜ì˜ ê²Œì‹œê¸€ì„ ì¢‹ì•„í•©ë‹ˆë‹¤.','/board/detail/1/31',1),
    (298,3,1,'ì‚°ì¤€ìœ¼ë¡œë‹˜ì´ íšŒì›ë‹˜ì˜ ê²Œì‹œê¸€ì— ëŒ“ê¸€ì„ ë‹¬ì•˜ìŠµë‹ˆë‹¤.','/board/detail/1/3',0),
    (299,2,2,'ì‚°ì¤€ìœ¼ë¡œë‹˜ì´ íšŒì›ë‹˜ì˜ ê²Œì‹œê¸€ì„ ì¢‹ì•„í•©ë‹ˆë‹¤.','/board/detail/1/32',1),
    (300,2,1,'ëž˜ì‹œí¬ë“œë‹˜ì´ íšŒì›ë‹˜ì˜ ê²Œì‹œê¸€ì— ëŒ“ê¸€ì„ ë‹¬ì•˜ìŠµë‹ˆë‹¤.','/board/detail/1/31',1),
    (301,2,1,'íŒ¡íŒŒë ˆë‹˜ì´ íšŒì›ë‹˜ì˜ ê²Œì‹œê¸€ì— ëŒ“ê¸€ì„ ë‹¬ì•˜ìŠµë‹ˆë‹¤.','/board/detail/1/30',1),
    (302,2,1,'íŒ¡íŒŒë ˆë‹˜ì´ íšŒì›ë‹˜ì˜ ê²Œì‹œê¸€ì— ëŒ“ê¸€ì„ ë‹¬ì•˜ìŠµë‹ˆë‹¤.','/board/detail/1/34',1),
    (303,2,1,'íŒ¡íŒŒë ˆë‹˜ì´ íšŒì›ë‹˜ì˜ ê²Œì‹œê¸€ì— ëŒ“ê¸€ì„ ë‹¬ì•˜ìŠµë‹ˆë‹¤.','/board/detail/1/32',1),
    (304,2,1,'ëž˜ì‹œí¬ë“œë‹˜ì´ íšŒì›ë‹˜ì˜ ê²Œì‹œê¸€ì— ëŒ“ê¸€ì„ ë‹¬ì•˜ìŠµë‹ˆë‹¤.','/board/detail/1/27',1),
    (305,2,1,'íŒ¡íŒŒë ˆë‹˜ì´ íšŒì›ë‹˜ì˜ ê²Œì‹œê¸€ì— ëŒ“ê¸€ì„ ë‹¬ì•˜ìŠµë‹ˆë‹¤.','/board/detail/1/27',1),
    (306,2,1,'ëž˜ì‹œí¬ë“œë‹˜ì´ íšŒì›ë‹˜ì˜ ê²Œì‹œê¸€ì— ëŒ“ê¸€ì„ ë‹¬ì•˜ìŠµë‹ˆë‹¤.','/board/detail/1/25',1),
    (307,2,1,'íŒ¡íŒŒë ˆë‹˜ì´ íšŒì›ë‹˜ì˜ ê²Œì‹œê¸€ì— ëŒ“ê¸€ì„ ë‹¬ì•˜ìŠµë‹ˆë‹¤.','/board/detail/1/33',1),
    (308,2,1,'íŒ¡íŒŒë ˆë‹˜ì´ íšŒì›ë‹˜ì˜ ê²Œì‹œê¸€ì— ëŒ“ê¸€ì„ ë‹¬ì•˜ìŠµë‹ˆë‹¤.','/board/detail/1/31',1),
    (309,2,1,'ì—°ìˆ˜ë‹˜ì´ íšŒì›ë‹˜ì„ íŒ”ë¡œìš° í–ˆìŠµë‹ˆë‹¤.','/myPage/18',1),
    (310,18,1,'íŒ¡íŒŒë ˆë‹˜ì´ íšŒì›ë‹˜ì„ íŒ”ë¡œìš° í–ˆìŠµë‹ˆë‹¤.','/myPage/1',0),
    (311,2,1,'ì—°ìˆ˜ë‹˜ì´ íšŒì›ë‹˜ì„ íŒ”ë¡œìš° í–ˆìŠµë‹ˆë‹¤.','/myPage/18',1),
    (312,2,1,'ì—°ìˆ˜ë‹˜ì´ íšŒì›ë‹˜ì˜ ê²Œì‹œê¸€ì— ëŒ“ê¸€ì„ ë‹¬ì•˜ìŠµë‹ˆë‹¤.','/board/detail/1/34',1),
    (313,2,2,'ì—°ìˆ˜ë‹˜ì´ íšŒì›ë‹˜ì˜ ê²Œì‹œê¸€ì„ ì¢‹ì•„í•©ë‹ˆë‹¤.','/board/detail/1/34',1),
    (314,2,2,'ì—°ìˆ˜ë‹˜ì´ íšŒì›ë‹˜ì˜ ê²Œì‹œê¸€ì„ ì¢‹ì•„í•©ë‹ˆë‹¤.','/board/detail/1/33',1),
    (315,2,2,'ì—°ìˆ˜ë‹˜ì´ íšŒì›ë‹˜ì˜ ë°©ëª…ë¡ì— ê¸€ì„ ìž‘ì„±í–ˆìŠµë‹ˆë‹¤.','/guestBook/2',1),
    (316,18,1,'ì§€ë‚˜ê°€ìœ¨ë‹˜ì´ íšŒì›ë‹˜ì„ íŒ”ë¡œìš° í–ˆìŠµë‹ˆë‹¤.','/myPage/2',0),
    (317,18,2,'íŒ¡íŒŒë ˆë‹˜ì´ íšŒì›ë‹˜ì˜ ë°©ëª…ë¡ì— ê¸€ì„ ìž‘ì„±í–ˆìŠµë‹ˆë‹¤.','/guestBook/18',0),
    (318,18,1,'ì§€ë‚˜ê°€ìœ¨ë‹˜ì´ íšŒì›ì˜ ë°©ëª…ë¡ ê¸€ì„ ì¢‹ì•„í•©ë‹ˆë‹¤.','/guestBook/0',0),
    (319,18,1,'ì§€ë‚˜ê°€ìœ¨ë‹˜ì´ íšŒì›ì˜ ë°©ëª…ë¡ ê¸€ì„ ì¢‹ì•„í•©ë‹ˆë‹¤.','/guestBook/0',0),
    (320,2,1,'íŒ¡íŒŒë ˆë‹˜ì´ íšŒì›ë‹˜ì˜ ê²Œì‹œê¸€ì— ëŒ“ê¸€ì„ ë‹¬ì•˜ìŠµë‹ˆë‹¤.','/board/detail/1/34',1),
    (321,2,1,'í˜¸ë¹µë§¨ë‹˜ì´ íšŒì›ë‹˜ì„ íŒ”ë¡œìš° í–ˆìŠµë‹ˆë‹¤.','/myPage/4',1),
    (322,2,2,'í˜¸ë¹µë§¨ë‹˜ì´ íšŒì›ë‹˜ì˜ ê²Œì‹œê¸€ì„ ì¢‹ì•„í•©ë‹ˆë‹¤.','/board/detail/1/34',0),
    (323,2,2,'í˜¸ë¹µë§¨ë‹˜ì´ íšŒì›ë‹˜ì˜ ê²Œì‹œê¸€ì„ ì¢‹ì•„í•©ë‹ˆë‹¤.','/board/detail/1/34',1),
    (324,2,1,'í˜¸ë¹µë§¨ë‹˜ì´ íšŒì›ë‹˜ì˜ ê²Œì‹œê¸€ì— ëŒ“ê¸€ì„ ë‹¬ì•˜ìŠµë‹ˆë‹¤.','/board/detail/1/34',0),
    (325,4,1,'ì§€ë‚˜ê°€ìœ¨ë‹˜ì´ íšŒì›ë‹˜ì˜ ê²Œì‹œê¸€ì— ëŒ“ê¸€ì„ ë‹¬ì•˜ìŠµë‹ˆë‹¤.','/board/detail/1/29',1),
    (326,4,1,'ì§€ë‚˜ê°€ìœ¨ë‹˜ì´ íšŒì›ë‹˜ì˜ ê²Œì‹œê¸€ì— ëŒ“ê¸€ì„ ë‹¬ì•˜ìŠµë‹ˆë‹¤.','/board/detail/1/29',1),
    (327,2,2,'ì§€ë‚˜ê°€ìœ¨ë‹˜ì´ íšŒì›ë‹˜ì˜ ë°©ëª…ë¡ì— ê¸€ì„ ìž‘ì„±í–ˆìŠµë‹ˆë‹¤.','/guestBook/2',0),
    (328,4,2,'ì§€ë‚˜ê°€ìœ¨ë‹˜ì´ íšŒì›ë‹˜ì˜ ë°©ëª…ë¡ì— ê¸€ì„ ìž‘ì„±í–ˆìŠµë‹ˆë‹¤.','/guestBook/4',1),
    (329,2,1,'í˜¸ë¹µë§¨ë‹˜ì´ íšŒì›ì˜ ë°©ëª…ë¡ ê¸€ì„ ì¢‹ì•„í•©ë‹ˆë‹¤.','/guestBook/0',0),
    (330,1,1,'ì—°ìˆ˜22ë‹˜ì´ íšŒì›ë‹˜ì„ íŒ”ë¡œìš° í–ˆìŠµë‹ˆë‹¤.','/myPage/18',0),
    (331,2,1,'ì—°ìˆ˜22ë‹˜ì´ íšŒì›ë‹˜ì„ íŒ”ë¡œìš° í–ˆìŠµë‹ˆë‹¤.','/myPage/18',0),
    (332,2,1,'ë¹„íŠ¸ìº í”„ë‹˜ì´ íšŒì›ë‹˜ì„ íŒ”ë¡œìš° í–ˆìŠµë‹ˆë‹¤.','/myPage/20',0),
    (333,2,2,'ë¹„íŠ¸ìº í”„ë‹˜ì´ íšŒì›ë‹˜ì˜ ë°©ëª…ë¡ì— ê¸€ì„ ìž‘ì„±í–ˆìŠµë‹ˆë‹¤.','/guestBook/2',1),
    (334,18,1,'ë¹„íŠ¸ìº í”„ë‹˜ì´ íšŒì›ì˜ ë°©ëª…ë¡ ê¸€ì„ ì¢‹ì•„í•©ë‹ˆë‹¤.','/guestBook/0',0),
    (335,2,1,'ë¹„íŠ¸ìº í”„ë‹˜ì´ íšŒì›ì˜ ë°©ëª…ë¡ ê¸€ì„ ì¢‹ì•„í•©ë‹ˆë‹¤.','/guestBook/0',0),
    (336,1,1,'ë¹„íŠ¸ìº í”„ë‹˜ì´ íšŒì›ì˜ ë°©ëª…ë¡ ê¸€ì„ ì¢‹ì•„í•©ë‹ˆë‹¤.','/guestBook/0',0),
    (337,4,2,'ë¹„íŠ¸ìº í”„ë‹˜ì´ íšŒì›ë‹˜ì˜ ê²Œì‹œê¸€ì„ ì¢‹ì•„í•©ë‹ˆë‹¤.','/board/detail/1/29',0),
    (338,4,1,'ë¹„íŠ¸ìº í”„ë‹˜ì´ íšŒì›ë‹˜ì˜ ê²Œì‹œê¸€ì— ëŒ“ê¸€ì„ ë‹¬ì•˜ìŠµë‹ˆë‹¤.','/board/detail/1/29',0),
    (339,4,1,'ë¹„íŠ¸ìº í”„ë‹˜ì´ íšŒì›ë‹˜ì„ íŒ”ë¡œìš° í–ˆìŠµë‹ˆë‹¤.','/myPage/20',0),
    (340,5,1,'ë¹„íŠ¸ìº í”„ë‹˜ì´ íšŒì›ë‹˜ì„ íŒ”ë¡œìš° í–ˆìŠµë‹ˆë‹¤.','/myPage/20',0),
    (341,1,1,'ë¹„íŠ¸ìº í”„ë‹˜ì´ íšŒì›ë‹˜ì„ íŒ”ë¡œìš° í–ˆìŠµë‹ˆë‹¤.','/myPage/20',0),
    (342,5,1,'ë¹„íŠ¸ìº í”„ë‹˜ì´ íšŒì›ë‹˜ì„ íŒ”ë¡œìš° í–ˆìŠµë‹ˆë‹¤.','/myPage/20',0),
    (343,20,2,'ì§€ë‚˜ê°€ìœ¨ë‹˜ì´ íšŒì›ë‹˜ì˜ ê²Œì‹œê¸€ì„ ì¢‹ì•„í•©ë‹ˆë‹¤.','/board/detail/1/40',1),
    (344,20,2,'ì§€ë‚˜ê°€ìœ¨ë‹˜ì´ íšŒì›ë‹˜ì˜ ê²Œì‹œê¸€ì„ ì¢‹ì•„í•©ë‹ˆë‹¤.','/board/detail/1/40',1),
    (345,20,1,'ì§€ë‚˜ê°€ìœ¨ë‹˜ì´ íšŒì›ì˜ ë°©ëª…ë¡ ê¸€ì„ ì¢‹ì•„í•©ë‹ˆë‹¤.','/guestBook/0',1),
    (346,20,1,'ì§€ë‚˜ê°€ìœ¨ë‹˜ì´ íšŒì›ë‹˜ì„ íŒ”ë¡œìš° í–ˆìŠµë‹ˆë‹¤.','/myPage/2',1),
    (347,20,1,'ì‚°ì¤€ìœ¼ë¡œë‹˜ì´ íšŒì›ë‹˜ì„ íŒ”ë¡œìš° í–ˆìŠµë‹ˆë‹¤.','/myPage/5',1),
    (348,20,1,'ì—°ê¶ì´ë‹˜ì´ íšŒì›ë‹˜ì„ íŒ”ë¡œìš° í–ˆìŠµë‹ˆë‹¤.','/myPage/3',1),
    (349,20,1,'ì§€ë‚˜ê°€ìœ¨ë‹˜ì´ íšŒì›ë‹˜ì„ íŒ”ë¡œìš° í–ˆìŠµë‹ˆë‹¤.','/myPage/2',1),
    (350,20,2,'ì§€ë‚˜ê°€ìœ¨ë‹˜ì´ íšŒì›ë‹˜ì˜ ë°©ëª…ë¡ì— ê¸€ì„ ìž‘ì„±í–ˆìŠµë‹ˆë‹¤.','/guestBook/20',1),
    (351,2,1,'ë¹„íŠ¸ìº í”„ë‹˜ì´ íšŒì›ë‹˜ì˜ ê²Œì‹œê¸€ì— ëŒ“ê¸€ì„ ë‹¬ì•˜ìŠµë‹ˆë‹¤.','/board/detail/1/27',0),
    (352,5,1,'ëž˜ì‹œí¬ë“œë‹˜ì´ íšŒì›ì˜ ë°©ëª…ë¡ ê¸€ì„ ì¢‹ì•„í•©ë‹ˆë‹¤.','/guestBook/0',0),
    (353,5,1,'ëž˜ì‹œí¬ë“œë‹˜ì´ íšŒì›ì˜ ë°©ëª…ë¡ ê¸€ì„ ì¢‹ì•„í•©ë‹ˆë‹¤.','/guestBook/0',0),
    (354,5,1,'ëž˜ì‹œí¬ë“œë‹˜ì´ íšŒì›ì˜ ë°©ëª…ë¡ ê¸€ì„ ì¢‹ì•„í•©ë‹ˆë‹¤.','/guestBook/0',0),
    (355,5,1,'ëž˜ì‹œí¬ë“œë‹˜ì´ íšŒì›ì˜ ë°©ëª…ë¡ ê¸€ì„ ì¢‹ì•„í•©ë‹ˆë‹¤.','/guestBook/0',0),
    (356,5,1,'ëž˜ì‹œí¬ë“œë‹˜ì´ íšŒì›ì˜ ë°©ëª…ë¡ ê¸€ì„ ì¢‹ì•„í•©ë‹ˆë‹¤.','/guestBook/0',0),
    (357,5,1,'ëž˜ì‹œí¬ë“œë‹˜ì´ íšŒì›ì˜ ë°©ëª…ë¡ ê¸€ì„ ì¢‹ì•„í•©ë‹ˆë‹¤.','/guestBook/0',0),
    (358,5,1,'ëž˜ì‹œí¬ë“œë‹˜ì´ íšŒì›ì˜ ë°©ëª…ë¡ ê¸€ì„ ì¢‹ì•„í•©ë‹ˆë‹¤.','/guestBook/0',0);




-- ê²Œì‹œê¸€ ì‚¬ì§„
INSERT INTO `sns_board_photo` (`bpno`, `bno`, `filepath`)
VALUES
    (3,2,'dd8da7fd-7aa7-4287-bfb1-c0b8333b9990'),
    (27,3,'f40ed7da-5c93-499f-b0c9-e98a664b535a'),
    (28,23,'0e2f80b3-6455-482e-90bb-c5ff5b1a7945'),
    (29,24,'a1674df2-aece-45d7-86a5-5bde49e7281e'),
    (30,25,'03f6e077-a83c-4de5-8f17-f1b1f4bcdaee'),
    (31,26,'b1f7fc9c-bd65-4a29-b6a9-faa53a9d49d6'),
    (32,4,'1d421795-8770-4c8b-8cd2-8f8bf766ef24'),
    (33,27,'968f85ea-02c6-44a0-9689-c10e4a7dc6fd'),
    (34,28,'3e616665-37a3-4e61-adfd-fc3c87d9cbc5'),
    (35,29,'4942dbbe-bd69-42e1-a296-428c4dff0305'),
    (36,30,'a91e10ec-add7-47d8-bf75-376cbc08e3c1'),
    (37,30,'5432d1f5-4c99-48c1-89be-673334979fd0'),
    (38,1,'be411da8-70ef-4bae-8b16-61a4230e914c'),
    (39,1,'03135b55-51e2-41f5-b24e-21886ac2af9b'),
    (40,31,'1abb4147-d02d-4a0a-9209-63db1639cc9f'),
    (41,31,'eb5d1eef-17bd-4c46-bbb3-a00a489b8477'),
    (42,32,'f803e000-ba0a-404b-95cd-d01743caf194'),
    (43,33,'3632316e-6cf8-431f-b8e7-aaa0f413cba9'),
    (53,34,'0bed2463-a5f0-4561-8c7b-a3b7e5a34a56');

-- ë°©ëª…ë¡ ì¢‹ì•„ìš”

INSERT INTO `sns_guestbook_like` (`gbno`, `mno`)
VALUES
    (2,1),
    (4,3),
    (9,6),
    (13,7),
    (6,11),
    (1,2),
    (43,3),
    (42,2),
    (6,2),
    (44,2),
    (56,18),
    (59,4),
    (56,20),
    (58,20),
    (54,20),
    (60,2),
    (58,2);



